school_no,education_sector,school_name,school_type,address_line_1,address_line_2,address_town,address_postcode,phone,lat,lon
12,Government,Warrandyte Primary School,Primary,5-11 Forbes Street,"",Warrandyte,3113,03 9844 3537,145.21397,-37.742676
40,Government,Berwick Primary School,Primary,37 Fairholme Boulevard,"",Berwick,3806,03 9707 1026,145.35442,-38.044094
84,Government,Cheltenham Primary School,Primary,231 Charman Road,"",Cheltenham,3192,03 8585 3200,145.05464,-37.96861
113,Government,Newport Lakes Primary School,Primary,Elizabeth Street,"",Newport,3015,03 9391 8942,144.87834,-37.838425
184,Government,Dromana Primary School,Primary,Mcculloch Street,"",Dromana,3936,03 5987 2367,144.95966,-38.339645
197,Government,Doncaster Primary School,Primary,2 - 12 Council Street,"",Doncaster,3108,03 9848 1122,145.12967,-37.786804
244,Government,Hallam Primary School,Primary,24 Harmer Road,"",Hallam,3803,03 9703 1536,145.25824,-38.00176
250,Government,Flemington Primary School,Primary,Cnr Mt Alexander Rd & Padman Lane,"",Flemington,3031,03 9376 7137,144.93393,-37.780674
253,Government,Footscray Primary School,Primary,Cnr Geelong Road & Barkly St,"",Footscray,3011,03 9687 1910,144.89267,-37.79838
267,Government,Sandringham Primary School,Primary,17 Lansell Avenue,"",Sandringham,3191,03 9598 1488,145.02342,-37.95136
293,Government,Hawthorn West Primary School,Primary,Cnr Wood Street & Burwood Road,"",Hawthorn,3122,03 9818 2233,145.01837,-37.82011
294,Government,Heidelberg Primary School,Primary,120 Cape Street,"",Heidelberg,3084,03 9457 2259,145.0678,-37.754704
430,Government,Melton Primary School,Primary,Unitt Street,"",Melton,3337,03 9743 5335,144.58702,-37.680454
450,Government,Fitzroy Primary School,Primary,319 George Street,"",Fitzroy,3065,03 9417 4222,144.9815,-37.799603
454,Government,Burwood East Primary School,Primary,Cnr Blackburn And Highbury Rds,"",Burwood East,3151,03 9802 8618,145.15181,-37.859734
483,Government,Essendon Primary School,Primary,38 Raleigh Street,"",Essendon,3040,03 9370 7816,144.92104,-37.753094
488,Government,Mernda Primary School,Primary,25 Everton Drive,"",Mernda,3754,03 9717 7900,145.09224,-37.594597
583,Government,South Yarra Primary School,Primary,601 Punt Road,"",South Yarra,3141,03 9866 3424,144.98563,-37.841354
631,Government,Thomastown Primary School,Primary,6 Spring Street,"",Thomastown,3074,03 9465 2225,145.01149,-37.68227
649,Government,Werribee Primary School,Primary,2 Deutgam Street,"",Werribee,3030,03 9742 6659,144.65874,-37.906864
734,Government,Clayton North Primary School,Primary,1714 Dandenong Road,"",Clayton,3168,03 9544 1522,145.12267,-37.911945
824,Government,Preston South Primary School,Primary,56B Hotham Street,"",Preston,3072,03 9484 1544,145.00745,-37.747868
846,Government,Mordialloc Beach Primary School,Primary,58 Barkly Street,"",Mordialloc,3195,03 9580 1468,145.0888,-38.00558
849,Government,Healesville Primary School,Primary,2 View Street,"",Healesville,3777,03 5962 4053,145.51604,-37.65713
876,Government,Lilydale Primary School,Primary,63 - 65 Castella Street,"",Lilydale,3140,03 9735 1642,145.35406,-37.753674
888,Government,Camberwell Primary School,Primary,290 Camberwell Road,"",Camberwell,3124,03 9882 4663,145.05804,-37.832684
890,Government,Greenvale Primary School,Primary,12-24 Bradford Avenue,"",Greenvale,3059,03 9333 2500,144.88618,-37.639828
919,Government,Rockbank Primary School,Primary,97-105 Westcott Parade,"",Rockbank,3335,03 9747 1210,144.6619,-37.732147
956,Government,Yarra Glen Primary School,Primary,35 Symonds Street,"",Yarra Glen,3775,03 9730 1254,145.3724,-37.649704
982,Government,Westmeadows Primary School,Primary,34-46 Riddell Street,"",Westmeadows,3049,03 9309 4350,144.89569,-37.675648
1002,Government,Sunbury Primary School,Primary,41 The Heights,"",Sunbury,3429,03 9744 9744,144.72815,-37.597687
1022,Government,Vermont Primary School,Primary,4-10 Nurlendi Road,"",Vermont,3133,03 9874 2511,145.19429,-37.83736
1026,Government,Balwyn Primary School,Primary,86B Balwyn Road,"",Balwyn,3103,03 9836 7121,145.08138,-37.81394
1028,Government,Scoresby Primary School,Primary,11 Ingrid Street,"",Scoresby,3179,03 9763 7484,145.22751,-37.89395
1033,Government,Wandin Yallock Primary School,Primary,105 Beenak Road,"",Wandin North,3139,03 5964 4276,145.43594,-37.790253
1034,Government,Yering Primary School,Primary,22-24 Melba Highway,"",Yering,3770,03 9739 1451,145.38222,-37.70535
1051,Government,Mickleham Primary School,Primary,1880 Mickleham Road,"",Mickleham,3064,03 9745 2250,144.87654,-37.563496
1075,Government,Kew Primary School,Primary,Peel Street,"",Kew,3101,03 9853 8325,145.03339,-37.80364
1090,Government,Sorrento Primary School,Primary,32 Kerferd Avenue,"",Sorrento,3943,03 5984 2130,144.74069,-38.34148
1098,Government,Hastings Primary School,Primary,10 - 20 Hodgins Road,"",Hastings,3915,03 5979 1517,145.18947,-38.299698
1111,Government,Moorabbin Primary School,Primary,61 Worthing Road,"",Moorabbin,3189,03 9555 1101,145.03958,-37.94202
1148,Government,Glen Iris Primary School,Primary,170 Glen Iris Road,"",Glen Iris,3146,03 9885 3624,145.06589,-37.86048
1181,Government,Albert Park Primary School,Primary,Bridport Street,"",Albert Park,3206,03 9699 9090,144.95276,-37.841885
1183,Government,Williamstown Primary School,Primary,Cnr. Electra & Parker Street,"",Williamstown,3016,03 9397 1248,144.9004,-37.863796
1184,Government,Boneo Primary School,Primary,582 Boneo Road,"",Boneo,3939,03 5988 6253,144.88728,-38.41187
1222,Government,Skye Primary School,Primary,395 Ballarto Road,"",Skye,3977,03 9786 1555,145.20125,-38.117706
1252,Government,Carlton North Primary School,Primary,60 Lee Street,"",Carlton North,3054,03 9347 4822,144.97302,-37.791065
1259,Government,Woori Yallock Primary School,Primary,1360 Healesville Road,"",Woori Yallock,3139,03 5964 7258,145.53268,-37.77737
1295,Government,Lower Plenty Primary School,Primary,126-146 Main Road,"",Lower Plenty,3093,03 9435 2585,145.1155,-37.726173
1360,Government,Clifton Hill Primary School,Primary,185 Gold St,"",Clifton Hill,3068,03 9489 8333,144.98924,-37.79231
1368,Government,Mount Eliza Primary School,Primary,Wooralla Drive,"",Mount Eliza,3930,03 9787 1385,145.0922,-38.19539
1401,Government,Northcote Primary School,Primary,33 Helen Street,"",Northcote,3070,03 9481 0009,144.99689,-37.77176
1402,Government,North Melbourne Primary School,Primary,210 Errol Street,"",North Melbourne,3051,03 9329 6902,144.95064,-37.798733
1403,Government,Dandenong Primary School,Primary,174-182 Foster Street,"",Dandenong,3175,03 9792 2743,145.21982,-37.98792
1409,Government,Williamstown North Primary School,Primary,133 Melbourne Road,"",Williamstown,3016,03 9397 5722,144.89175,-37.855904
1434,Government,Cairnlea Park Primary School,Primary,49 Carmody Drive,"",Cairnlea,3023,03 9363 1187,144.788,-37.758854
1464,Government,Frankston Primary School,Primary,Davey Street,"",Frankston,3199,03 9783 3769,145.12402,-38.147556
1479,Government,St Kilda Primary School,Primary,2B Brighton Road,"",St Kilda,3182,03 9534 3993,144.98901,-37.870224
1485,Government,Warburton Primary School,Primary,16 Horners Road,"",Warburton,3799,03 5966 2010,145.7017,-37.755806
1490,Government,Fitzroy North Primary School,Primary,3 Fergie Street,"",Fitzroy North,3068,03 9481 5860,144.98415,-37.78502
1494,Government,Preston Primary School,Primary,240 Tyler Street,"",Preston,3072,03 9470 1167,145.01031,-37.73055
1503,Government,Tooradin Primary School,Primary,Bayview Road,"",Tooradin,3980,03 5998 3321,145.3785,-38.20763
1508,Government,Glenferrie Primary School,Primary,78 - 98 Manningtree Road,"",Hawthorn,3122,03 9818 4338,145.03398,-37.824047
1542,Government,Brighton Primary School,Primary,59 Wilson Street,"",Brighton,3186,03 9592 0177,145.00108,-37.912212
1578,Government,Keilor Primary School,Primary,25 Kennedy Street,"",Keilor,3036,03 9336 7098,144.83571,-37.716896
1601,Government,Oakleigh Primary School,Primary,20 Warrigal Road,"",Oakleigh,3166,03 9568 0558,145.08861,-37.894474
1604,Government,Malvern Central School,Primary,Spring Road,"",Malvern,3144,03 8823 9500,145.03441,-37.85601
1667,Government,Rye Primary School,Primary,Lyons St,"",Rye,3941,03 5985 2363,144.82382,-38.373116
1697,Government,Harkaway Primary School,Primary,65-67 King Road,"",Harkaway,3806,03 9707 1475,145.34517,-38.000854
1698,Government,Balnarring Primary School,Primary,1 Civic Court,"",Balnarring,3926,03 5931 4444,145.12282,-38.376724
1801,Government,Silvan Primary School,Primary,269 Monbulk Road,"",Silvan,3795,03 9737 9258,145.42133,-37.824596
1866,Government,Lysterfield Primary School,Primary,Bellfield Drive,"",Lysterfield,3156,03 9752 7953,145.27623,-37.9116
1886,Government,Abbotsford Primary School,Primary,Lithgow Street,"",Abbotsford,3067,03 9428 5977,144.99881,-37.80898
1896,Government,Windsor Primary School,Primary,12 Hornby Street,"",Windsor,3181,03 9521 3711,144.99568,-37.8573
1901,Government,Narre Warren North Primary School,Primary,15-31 A'beckett Road,"",Narre  Warren  North,3804,03 9796 8261,145.31693,-37.978584
1912,Government,Footscray City Primary School,Primary,10 Hyde Street,"",Footscray,3011,03 9687 2826,144.90025,-37.8064
1915,Government,Plenty Parklands Primary School,Primary,48 Blossom Park Drive,"",Mill Park,3082,03 9404 4311,145.07695,-37.669724
1961,Government,Little River Primary School,Primary,21 Flinders Street,"",Little River,3211,03 5283 1214,144.50037,-37.96501
1975,Government,Morang South Primary School,Primary,77 Gorge Road,"",South Morang,3752,03 9404 1548,145.09467,-37.65287
2033,Government,Mornington Primary School,Primary,Vale Street,"",Mornington,3931,03 5976 5500,145.04309,-38.221806
2048,Government,Brighton Beach Primary School,Primary,19 Windermere Crescent,"",Brighton,3186,03 9591 0888,144.99611,-37.922104
2062,Government,Greensborough Primary School,Primary,130 Grimshaw Street,"",Greensborough,3088,03 9435 1496,145.1005,-37.703568
2068,Government,Cranbourne Primary School,Primary,Bakewell Street,"",Cranbourne,3977,03 5996 1744,145.28784,-38.111862
2090,Government,Whittlesea Primary School,Primary,2425-2435 Plenty Road,"",Whittlesea,3757,03 9716 2140,145.11404,-37.514267
2163,Government,Bayswater Primary School,Primary,2 Birch Street,"",Bayswater,3153,03 9721 3755,145.25935,-37.843304
2172,Government,Mulgrave Primary School,Primary,Gladeswood Drive,"",Mulgrave,3170,03 9795 2477,145.19737,-37.932945
2229,Government,Bunyip Primary School,Primary,1290 Nar Nar Goon - Longwarry Road,"",Bunyip,3815,03 5629 5462,145.71251,-38.09884
2248,Government,Nar Nar Goon Primary School,Primary,27 Spencer Street,"",Nar Nar Goon,3812,03 5942 5311,145.57402,-38.082767
2259,Government,Montrose Primary School,Primary,17-21 Leith Road,"",Montrose,3765,03 9728 2203,145.34369,-37.808098
2327,Government,Moorooduc Primary School,Primary,Cnr Derril Rd & Mornington Tyabb Rd,"",Moorooduc,3933,03 5978 8330,145.10516,-38.248085
2329,Government,The Basin Primary School,Primary,Cnr Liverpool Road & Mountain Highway,"",The Basin,3154,03 9762 1143,145.30843,-37.84951
2374,Government,Kensington Primary School,Primary,62-74 McCracken Street,"",Kensington,3031,03 9376 6013,144.92761,-37.79267
2436,Government,Ivanhoe Primary School,Primary,122 Waterdale Road,"",Ivanhoe,3079,03 9499 1880,145.04298,-37.766575
2457,Government,Menzies Creek Primary School,Primary,12 School Road,"",Menzies Creek,3159,03 9754 3695,145.39427,-37.91735
2460,Government,St Kilda Park Primary School,Primary,68 Fitzroy Street,"",St Kilda,3182,03 8598 6444,144.9778,-37.858116
2479,Government,Diggers Rest Primary School,Primary,Plumpton Road,"",Diggers Rest,3427,03 9740 1391,144.70923,-37.62263
2506,Government,Gembrook Primary School,Primary,50 Main Street,"",Gembrook,3783,03 5968 1313,145.54532,-37.951637
2541,Government,Hoddles Creek Primary School,Primary,700 Gembrook-Launching Place Road,"",Hoddles Creek,3139,03 5967 4282,145.59775,-37.831738
2560,Government,Beaconsfield Upper Primary School,Primary,40 Stoney Creek Road,"",BEACONSFIELD UPPER,3808,03 5944 3591,145.41476,-37.995403
2586,Government,Malvern Primary School,Primary,17 Tooronga Road,"",Malvern East,3145,03 9571 6281,145.03845,-37.871593
2599,Government,Launching Place Primary School,Primary,Carter Street,"",Launching Place,3139,03 5964 7783,145.57077,-37.7825
2605,Government,Carlton Gardens Primary School,Primary,215 Rathdowne Street,"",Carlton,3053,03 9663 6502,144.96951,-37.802048
2608,Government,Ascot Vale Primary School,Primary,Bank Street,"",Ascot Vale,3032,03 9370 6507,144.92612,-37.774323
2627,Government,Rosebud Primary School,Primary,Point Nepean Road,"",Rosebud,3939,03 5986 8274,144.909,-38.355762
2629,Government,Koo Wee Rup Primary School,Primary,28-34 Moody Street,"",Koo Wee Rup,3981,03 5997 1272,145.49286,-38.194836
2634,Government,Armadale Primary School,Primary,9-23 Densham Road,"",Armadale,3143,03 9822 7003,145.01778,-37.852184
2655,Government,Osborne Primary School,Primary,120 Craigie Rd,"",Mount Martha,3934,03 5975 1792,145.04091,-38.257107
2656,Government,Somerville Primary School,Primary,37 Eramosa Road East,"",Somerville,3912,03 5977 5421,145.17914,-38.224014
2711,Government,Fairfield Primary School,Primary,Langridge Street,"",Fairfield,3078,03 9489 2966,145.0204,-37.777992
2724,Government,Garfield Primary School,Primary,84 Railway Avenue,"",Garfield,3814,03 5629 2274,145.67415,-38.090565
2742,Government,Officer Primary School,Primary,13-23 Tivendale Rd,"",Officer,3809,03 5943 2315,145.41019,-38.058277
2778,Government,Surrey Hills Primary School,Primary,2 Beatrice Avenue,"",Surrey Hills,3127,03 9890 1560,145.1009,-37.825535
2784,Government,Montague Continuing Education Centre,Special,100 Montague Street,"",South Melbourne,3205,03 9690 3535,144.94974,-37.8306
2815,Government,Middle Park Primary School,Primary,194 Richardson Street,"",Middle Park,3206,03 9690 1336,144.95752,-37.8478
2820,Government,Seville Primary School,Primary,639 Warburton Highway,"",Seville,3139,03 5964 4557,145.4644,-37.77389
2832,Government,Yarraville West Primary School,Primary,30 Powell Street,"",Yarraville,3013,03 9314 7714,144.88539,-37.81475
2870,Government,Elsternwick Primary School,Primary,44 Murphy Street,"",Brighton,3186,03 8534 6100,144.9973,-37.891415
2897,Government,Carnegie Primary School,Primary,51 Truganini Road,"",Carnegie,3163,03 9571 2662,145.0545,-37.89074
2899,Government,Lang Lang Primary School,Primary,52 Westernport Road,"",Lang Lang,3984,03 5997 5322,145.5694,-38.263172
2900,Government,Croydon Primary School,Primary,Cnr Kent Avenue & Croydon Road,"",Croydon,3136,03 9723 2472,145.28133,-37.79317
2901,Government,Moonee Ponds West Primary School,Primary,150 Athol Street,"",Moonee Ponds,3039,03 9370 6875,144.90933,-37.768948
2904,Government,Mitcham Primary School,Primary,294 Mitcham Road,"",Mitcham,3132,03 9873 1551,145.19272,-37.808987
2923,Government,Blackburn Primary School,Primary,185 Surrey Road,"",Blackburn,3130,03 9878 1483,145.1567,-37.816566
2932,Government,Port Melbourne Primary School,Primary,415 Graham Street,"",Port Melbourne,3207,03 9646 1001,144.9338,-37.835323
2948,Government,Auburn Primary School,Primary,51 Rathmines Road,"",Hawthorn East,3123,03 9882 7035,145.05049,-37.82028
2950,Government,Mentone Primary School,Primary,6 Childers Street,"",Mentone,3194,03 9583 2995,145.06798,-37.98295
2955,Government,Princes Hill Primary School,Primary,280 Pigdon Street,"",Carlton North,3054,03 9389 5300,144.9681,-37.7804
2956,Government,Gruyere Primary School,Primary,99 Killara Road,"",Gruyere,3770,03 5964 9260,145.4504,-37.734085
2961,Government,Pearcedale Primary School,Primary,Baxter-tooradin Road,"",Pearcedale,3912,03 5978 6250,145.23198,-38.20301
2969,Government,St Albans Primary School,Primary,39 West Esplanade,"",St Albans,3021,03 9366 2832,144.79578,-37.738747
3016,Government,Toorak Primary School,Primary,Canterbury Road,"",Toorak,3142,03 9827 2959,145.0099,-37.845078
3023,Government,Baxter Primary School,Primary,Grant Road,"",Baxter,3911,03 5971 1391,145.18155,-38.19966
3033,Government,Beaconsfield Primary School,Primary,71-77 Old Princes Highway,"",Beaconsfield,3807,03 9707 1510,145.37164,-38.04863
3074,Government,Ormond Primary School,Primary,121 Wheatley Road,"",Ormond,3204,03 9578 1327,145.03368,-37.907
3080,Government,Crib Point Primary School,Primary,70 Milne Street,"",Crib Point,3919,03 5983 9282,145.20055,-38.360485
3110,Government,Merri Creek Primary School,Primary,Miller Street,"",Fitzroy North,3068,03 9481 0177,144.98738,-37.776966
3113,Government,Sunshine Primary School,Primary,Cnr Hampshire & Derby Roads,"",Sunshine,3020,03 8311 5700,144.8311,-37.790882
3129,Government,Tyabb Primary School,Primary,186 Mornington-Tyabb Road,"",Tyabb,3913,03 5977 4584,145.16664,-38.260708
3139,Government,Wales Street Primary School,Primary,Wales Street,"",Thornbury,3071,03 9484 3949,145.00883,-37.76151
3146,Government,Spensley Street Primary School,Primary,193 Spensley Street,"",Clifton Hill,3068,03 9481 4666,145.00388,-37.786793
3161,Government,Kew East Primary School,Primary,35 Kitchener Street,"",Kew East,3102,03 9859 2903,145.04915,-37.796474
3216,Government,Yarra Junction Primary School,Primary,2370 Warburton Highway,"",Yarra Junction,3797,03 5967 1544,145.60608,-37.77903
3222,Government,Sassafras Primary School,Primary,399 Mt Dandenong Tourist Road,"",Sassafras,3787,03 9755 1203,145.35455,-37.861626
3228,Government,Ferny Creek Primary School,Primary,School Road,"",Ferny Creek,3786,03 9755 1522,145.33473,-37.884212
3241,Government,Wonga Park Primary School,Primary,Dudley Road,"",Wonga Park,3115,03 9722 1325,145.274,-37.73064
3265,Government,Monbulk Primary School,Primary,1 Main Road,"",Monbulk,3793,03 9756 6481,145.41026,-37.87685
3279,Government,Chum Creek Primary School,Primary,705 Chum Creek Road,"",Chum Creek,3777,03 5962 5391,145.48924,-37.605957
3284,Government,Mount Dandenong Primary School,Primary,Farndons Road,"",Mount Dandenong,3767,03 9751 1136,145.36217,-37.83074
3309,Government,Badger Creek Primary School,Primary,139 Badger Creek Rd,"",Healesville,3777,03 5962 4019,145.53325,-37.68134
3336,Government,Clarinda Primary School,Primary,1166 Centre Road,"",Clarinda,3169,03 9544 3231,145.10292,-37.926994
3341,Government,Chelsea Heights Primary School,Primary,194 Thames Promenade,"",Chelsea Heights,3196,03 9772 4139,145.13806,-38.045017
3356,Government,Tecoma Primary School,Primary,1536 Burwood Highway,"",Tecoma,3160,03 9754 2354,145.34492,-37.90696
3381,Government,Emerald Primary School,Primary,10 Heroes Avenue,"",Emerald,3782,03 5968 4311,145.44243,-37.933384
3385,Government,Carrum Primary School,Primary,Walkers Road,"",Carrum,3197,03 9772 1117,145.12671,-38.07812
3423,Government,Exford Primary School,Primary,1137 Exford Road,"",Exford,3338,03 9743 5025,144.55879,-37.74529
3432,Government,Mount Waverley Primary School,Primary,37-45 Park Lane,"",Mount Waverley,3149,03 9807 1480,145.12411,-37.881268
3449,Government,Murrumbeena Primary School,Primary,Hobart Road,"",Murrumbeena,3163,03 9568 1300,145.0704,-37.88617
3466,Government,Wesburn Primary School,Primary,2850 Warburton Highway,"",Wesburn,3799,03 5967 1302,145.64706,-37.768692
3476,Government,Warranwood Primary School,Primary,1 Wellington Park Drive,"",Warranwood,3134,03 9876 6066,145.24698,-37.774345
3494,Government,Olinda Primary School,Primary,45 Charlemont Lane,"",Olinda,3788,03 9751 1181,145.3662,-37.854694
3531,Government,Langwarrin Primary School,Primary,90 Warrandyte Road,"",Langwarrin,3910,03 9789 7346,145.18985,-38.16039
3535,Government,Cockatoo Primary School,Primary,19-33 Belgrave-Gembrook Road,"",Cockatoo,3781,03 5968 8017,145.49638,-37.939373
3544,Government,Tyabb Railway Station Primary School,Primary,88 The Crescent,"",Tyabb,3913,03 5977 4324,145.1925,-38.261948
3551,Government,Belgrave South Primary School,Primary,175 Colby Drive,"",Belgrave South,3160,03 9754 2505,145.35793,-37.9312
3552,Government,Yarra Me School,Special,Highview Road,"",Preston,3072,03 9478 8895,145.01817,-37.737907
3559,Government,Sydenham - Hillside Primary School,Primary,39-49 Community Hub,"",Sydenham,3037,03 9361 5300,144.76233,-37.702045
3572,Government,Canterbury Primary School,Primary,Molesworth Street,"",Canterbury,3126,03 9836 4537,145.08315,-37.830963
3599,Government,Alphington Primary School,Primary,Yarralea Street,"",Alphington,3078,03 9499 2200,145.03201,-37.783524
3605,Government,The Austin School,Special,145 Studley Road,"",Heidelberg,3084,03 9496 5324,145.05829,-37.755436
3613,Government,Banyan Fields Primary School,Primary,90 Cadles Road,"",Carrum Downs,3201,03 9782 1333,145.18791,-38.094597
3618,Government,Norris Bank Primary School,Primary,146 Settlement Road,"",Bundoora,3083,03 9467 2206,145.04263,-37.69451
3620,Government,Macclesfield Primary School,Primary,405 Macclesfield Road,"",Macclesfield,3782,03 5968 4734,145.47537,-37.889793
3631,Government,Black Rock Primary School,Primary,71 Arkaringa Crescent,"",Black Rock,3193,03 9598 2293,145.02165,-37.969868
3642,Government,Mount Evelyn Primary School,Primary,33 Monbulk Road,"",Mount Evelyn,3796,03 9736 2233,145.38882,-37.790928
3645,Government,Kilsyth Primary School,Primary,Durham Road,"",Kilsyth,3137,03 9725 4320,145.31494,-37.802105
3659,Government,Spotswood Primary School,Primary,Melbourne Road,"",Spotswood,3015,03 9391 1323,144.88173,-37.830452
3664,Government,Clyde Primary School,Primary,13 Oroya Grove,"",Clyde,3978,03 5998 5293,145.32639,-38.132324
3675,Government,Noble Park Primary School,Primary,65 Buckley Street,"",Noble Park,3174,03 9546 8811,145.1739,-37.970627
3680,Government,Deepdene Primary School,Primary,958a Burke Road,"",Deepdene,3103,03 9817 1917,145.06136,-37.808365
3689,Government,Cardinia Primary School,Primary,2405 Ballarto Road,"",Cardinia,3978,03 5998 8323,145.42332,-38.145786
3703,Government,Glen Huntly Primary School,Primary,Grange Road,"",Glen Huntly,3163,03 9571 2933,145.04623,-37.893772
3709,Government,Wantirna Primary School,Primary,120 Mountain Highway,"",Wantirna,3152,03 9801 1938,145.2165,-37.856255
3717,Government,Melton South Primary School,Primary,38 - 46 Exford Road,"",Melton South,3338,03 9743 2922,144.57426,-37.70872
3729,Government,Chelsea Primary School,Primary,34-44 Argyle Ave,"",Chelsea,3196,03 9773 2055,145.12231,-38.05489
3754,Government,Hampton Primary School,Primary,528 Hampton Street,"",Hampton,3188,03 9598 1412,145.00348,-37.93339
3774,Government,Victorian College For The Deaf,Special,597 St Kilda Road,"",Melbourne,3004,03 9510 1706,144.9823,-37.849773
3790,Government,Edithvale Primary School,Primary,42-54 Edithvale Road,"",Edithvale,3196,03 9772 1393,145.11298,-38.037495
3806,Government,Penders Grove Primary School,Primary,370 Victoria Road,"",Thornbury,3071,03 9484 1076,145.01427,-37.754517
3820,Government,Caulfield Junior College,Primary,186 Balaclava Road,"",Caulfield North,3161,03 9509 6872,145.02156,-37.87211
3835,Government,Seaford Primary School,Primary,Mcrae Street,"",Seaford,3198,03 9786 1357,145.1305,-38.104435
3841,Government,Wattle Park Primary School,Primary,225 Warrigal Road,"",Burwood,3125,03 9808 2165,145.09737,-37.842636
3885,Government,Preston West Primary School,Primary,383 Murray Road,"",Preston,3072,03 9470 1546,144.99553,-37.737366
3889,Government,Thornbury Primary School,Primary,16-22 Hutton Street,"",Thornbury,3071,03 9484 3254,144.99675,-37.755424
3890,Government,Footscray West Primary School,Primary,Argyle Street,"",West Footscray,3012,03 9687 1535,144.87526,-37.79487
3892,Government,Wandin North Primary School,Primary,220 Warburton Highway,"",Wandin North,3139,03 5964 4570,145.40971,-37.769783
3897,Government,Gardenvale Primary School,Primary,66 Landcox Street,"",Brighton East,3187,03 9596 2871,145.01503,-37.90468
3899,Government,Beaumaris Primary School,Primary,79-99 Dalgetty Road,"",Beaumaris,3193,03 9589 2619,145.03758,-37.98527
3923,Government,Altona Primary School,Primary,109 Blyth Street,"",Altona,3018,03 9398 2925,144.82274,-37.867706
3924,Government,Devon Meadows Primary School,Primary,50 Worthing Road,"",Devon Meadows,3977,03 5998 2304,145.30139,-38.162025
3926,Government,Upper Ferntree Gully Primary School,Primary,Talaskia Road,"",Upper Ferntree Gully,3156,03 9758 1527,145.31433,-37.895603
3933,Government,Bittern Primary School,Primary,Portsmouth Road,"",Bittern,3918,03 5983 9590,145.17168,-38.339855
3942,Government,Elwood Primary School,Primary,Scott Street,"",Elwood,3184,03 9531 2762,144.98836,-37.881504
3943,Government,Mont Albert Primary School,Primary,Barloa Road,"",Mont Albert,3127,03 9890 1331,145.10272,-37.81308
3956,Government,Don Valley Primary School,Primary,Old Dalry Road,"",Don Valley,3139,03 5967 3321,145.58742,-37.7602
3960,Government,Reservoir Primary School,Primary,Duffy Street,"",Reservoir,3073,03 9460 5798,145.00677,-37.71142
3982,Government,Gladysdale Primary School,Primary,550 Little Yarra Road,"",Gladysdale,3797,03 5966 6202,145.65099,-37.82025
3987,Government,Moonee Ponds Primary School,Primary,87 Wilson Street,"",Moonee Ponds,3039,03 9375 2511,144.93298,-37.76334
3988,Government,Kingsville Primary School,Primary,58 Bishop Street,"",Yarraville,3013,03 9314 5869,144.87466,-37.812595
3993,Government,Kallista Primary School,Primary,72 Monbulk Road,"",Kallista,3791,03 9755 2633,145.37001,-37.885086
4015,Government,Essendon North Primary School,Primary,112 Keilor Road,"",Essendon North,3041,03 9379 3979,144.9032,-37.741516
4025,Government,Ascot Vale West Primary School,Primary,Langs Rd,"",Ascot Vale,3032,03 9370 8784,144.91112,-37.78068
4055,Government,Hartwell Primary School,Primary,Milverton St,"",Camberwell,3124,03 9889 4012,145.08447,-37.84805
4062,Government,Hampton Park Primary School,Primary,32 Somerville Road,"",Hampton Park,3976,03 9799 1440,145.2529,-38.030415
4087,Government,Ripponlea Primary School,Primary,25 Carrington Grove,"",St Kilda East,3183,03 9527 5728,145.00505,-37.874607
4112,Government,Montmorency Primary School,Primary,60a Rattray Road,"",Montmorency,3094,03 9434 5944,145.1216,-37.71765
4120,Government,Ringwood North Primary School,Primary,172 Oban Road,"",Ringwood North,3134,03 9876 3411,145.23074,-37.79313
4139,Government,Lloyd Street Primary School,Primary,Lloyd Street,"",Malvern East,3145,03 9573 4600,145.0561,-37.872417
4143,Government,Bayswater North Primary School,Primary,Stuart Street,"",Bayswater North,3153,03 9729 1744,145.29562,-37.8288
4159,Government,Point Cook Prep - Year 9 College,Pri/Sec,18 - 50 Ponsford Drive,"",Point Cook,3030,03 8348 7100,144.72449,-37.893803
4160,Government,Footscray North Primary School,Primary,14 Rosamond Road,"",Footscray,3011,03 9317 9047,144.88338,-37.787746
4170,Government,Camberwell South Primary School,Primary,Peate Avenue,"",Glen Iris,3146,03 9889 4295,145.0626,-37.847904
4171,Government,Parkdale Primary School,Primary,305-311 Nepean Highway,"",Parkdale,3195,03 9580 1451,145.0831,-37.99279
4176,Government,Hughesdale Primary School,Primary,Brine Street,"",Hughesdale,3166,03 9570 4808,145.07764,-37.905838
4177,Government,Westgarth Primary School,Primary,45 Brooke St & 311 Clarke St,"",Northcote,3070,03 9481 5577,145.00555,-37.77647
4183,Government,Auburn South Primary School,Primary,419 Tooronga Road,"",Hawthorn East,3123,03 9882 2140,145.0459,-37.839264
4193,Government,Aspendale Primary School,Primary,23 Laura Street,"",Aspendale,3195,03 9580 3255,145.09976,-38.02027
4217,Government,Dandenong West Primary School,Primary,32 Birdwood Avenue,"",Dandenong,3175,03 9792 2868,145.20041,-37.98074
4219,Government,Yarra Road Primary School,Primary,222 - 228 Yarra Road,"",Croydon,3136,03 9723 4182,145.27223,-37.7664
4220,Government,Aberfeldie Primary School,Primary,1 Doone Street,"",Essendon,3040,03 9337 8084,144.89478,-37.75649
4257,Government,Dingley Primary School,Primary,111-115 Centre Dandenong Road,"",Dingley Village,3172,03 9551 3555,145.13249,-37.9826
4265,Government,Albion Primary School,Primary,61-81 Adelaide Street,"",Albion,3020,03 9311 1325,144.81975,-37.778084
4290,Government,Nepean Special School,Special,33 Klauer St,"",Seaford,3198,03 9786 9111,145.14233,-38.119434
4309,Government,Bell Primary School,Primary,78A Oakover Road,"",Preston,3072,03 9480 5622,144.99062,-37.7477
4314,Government,Chatham Primary School,Primary,47A Weybridge Street,"",Surrey Hills,3127,03 9830 1933,145.0916,-37.817646
4315,Government,Caulfield South Primary School,Primary,24 Bundeera Road,"",Caulfield South,3162,03 9578 3718,145.03079,-37.895252
4317,Government,Ashburton Primary School,Primary,Fakenham Road,"",Ashburton,3147,03 9813 9400,145.08362,-37.862198
4318,Government,Bentleigh West Primary School,Primary,23 Brewer Road,"",Bentleigh,3204,03 9557 1228,145.02676,-37.920586
4341,Government,Briar Hill Primary School,Primary,25 Gladstone Road,"",Briar Hill,3088,03 9435 1633,145.11623,-37.708305
4366,Government,McKinnon Primary School,Primary,253 Tucker Road,"",Ormond,3204,03 9578 1851,145.0528,-37.90805
4384,Government,Clayton South Primary School,Primary,539 Clayton Road,"",Clayton South,3169,03 9558 0599,145.11644,-37.940475
4386,Government,Ivanhoe East Primary School,Primary,35 Warncliffe Road,"",Ivanhoe East,3079,03 9499 2171,145.05945,-37.774586
4407,Government,Fleetwood Primary School,Primary,97 Fleetwood Drive,"",Narre Warren,3805,03 9705 2281,145.3181,-38.039307
4429,Government,Sandringham East Primary School,Primary,9 Holloway Road,"",Sandringham,3191,03 9598 1704,145.02222,-37.95667
4440,Government,Seaholme Primary School,Primary,Cnr Millers Rd & Civic Parade,"",Seaholme,3018,03 9398 2806,144.8399,-37.864212
4458,Government,Somers Primary School,Primary,87 Camp Hill Road,"",Somers,3927,03 5983 5546,145.16461,-38.392117
4465,Government,Travancore School,Special,50 Flemington Street,"",TRAVANCORE,3032,03 9345 6053,144.93486,-37.781902
4530,Government,Upwey Primary School,Primary,15 Darling Avenue,"",Upwey,3158,03 9754 2369,145.33281,-37.902866
4568,Government,Rosanna Primary School,Primary,Grandview Grove,"",Rosanna,3084,03 9457 2592,145.0629,-37.735394
4582,Government,Wantirna South Primary School,Primary,16 Tyner Road,"",Wantirna South,3152,03 9801 1900,145.23734,-37.872528
4612,Government,Strathmore Primary School,Primary,14-34 Lloyd Street,"",Strathmore,3041,03 9379 3991,144.917,-37.73551
4638,Government,Balwyn North Primary School,Primary,Buchanan Avenue,"",Balwyn North,3104,03 9859 4258,145.07704,-37.7967
4641,Government,Solway Primary School,Primary,Winton Road,"",Ashburton,3147,03 9885 2421,145.07283,-37.873238
4646,Government,Newlands Primary School,Primary,2-26 Murphy Street,"",Preston,3072,03 9354 2928,144.98538,-37.730114
4647,Government,Somers School Camp,Primary,124 Lord Somers Road,"",Somers,3927,03 5983 5302,145.14575,-38.388786
4661,Government,Tootgarook Primary School,Primary,Carmichael Street,"",Tootgarook,3941,03 5985 2864,144.85732,-38.369476
4665,Government,Newport Gardens Primary School,Primary,Cnr Woods St & Maddox Rd,"",Newport,3015,03 9391 2168,144.86884,-37.845207
4669,Government,Malvern Valley Primary School,Primary,Abbotsford Avenue,"",Malvern East,3145,03 9569 5820,145.0815,-37.880703
4675,Government,Belmore School,Special,49 Stroud Street,"",Balwyn,3103,03 9859 8762,145.08115,-37.804283
4679,Government,Croxton Special School,Special,159-165 Beaconsfield Parade,"",Northcote,3070,03 9482 5482,144.9874,-37.763996
4682,Government,Frankston East Primary School,Primary,6A Ashleigh Avenue,"",Frankston,3199,03 9789 9552,145.14552,-38.14663
4685,Government,Selby Primary School,Primary,2 Morley Street,"",Selby,3159,03 9754 2675,145.36752,-37.91143
4686,Government,Reservoir East Primary School,Primary,58 Boldrewood Parade,"",Reservoir,3073,03 9460 1569,145.02184,-37.719975
4687,Government,Tucker Road Bentleigh Primary School,Primary,16 Tucker Rd,"",Bentleigh,3204,03 9557 2044,145.04901,-37.932545
4694,Government,Greythorn Primary School,Primary,Reading Avenue,"",Balwyn North,3104,03 9857 9762,145.09596,-37.801426
4702,Government,Eastwood Primary School,Primary,Alexandra Road,"",Ringwood East,3135,03 9870 6103,145.25294,-37.817238
4709,Government,Lalor Primary School,Primary,26 Maxwell Street,"",Lalor,3075,03 9465 3037,145.02539,-37.67008
4711,Government,Reservoir West Primary School,Primary,5a Carrington Road,"",Reservoir,3073,03 9478 8211,144.99023,-37.722134
4712,Government,Coatesville Primary School,Primary,21 Mackie Road,"",Bentleigh East,3165,03 9570 1652,145.07362,-37.920082
4715,Government,Old Orchard Primary School,Primary,88 Koonung Road,"",Blackburn North,3130,03 9877 7899,145.15251,-37.807568
4716,Government,Huntingdale Primary School,Primary,Grange Street,"",Oakleigh South,3167,03 9544 2318,145.10236,-37.913074
4717,Government,Box Hill North Primary School,Primary,Elizabeth Street,"",Box Hill North,3129,03 9890 5023,145.1233,-37.800793
4718,Government,Ferntree Gully North Primary School,Primary,111 Forest Road,"",Ferntree Gully,3156,03 9758 1662,145.29942,-37.874786
4723,Government,Dandenong North Primary School,Primary,117-125 Cleeland Street,"",Dandenong,3175,03 9794 7899,145.21446,-37.976643
4730,Government,Harrisfield Primary School,Primary,495 Princes Hwy,"",Noble Park,3174,03 9546 9210,145.1799,-37.954445
4733,Government,Belle Vue Primary School,Primary,20 Highview Road,"",Balwyn North,3104,03 9859 6123,145.07866,-37.782524
4741,Government,St Albans East Primary School,Primary,25 McArthur Avenue,"",St Albans,3021,03 9366 2071,144.8111,-37.74217
4744,Government,Sunshine Heights Primary School,Primary,1-19 Mailey Street,"",Sunshine,3020,03 8311 7100,144.81816,-37.79222
4745,Government,Sunshine North Primary School,Primary,65 - 71 Suffolk Road,"",Sunshine North,3020,03 9311 2400,144.83719,-37.77201
4746,Government,Banyule Primary School,Primary,Banyule Road,"",Rosanna,3084,03 9459 0732,145.07794,-37.74361
4753,Government,Rosanna Golf Links Primary School,Primary,Interlaken Parade,"",Rosanna,3084,03 9457 4178,145.07411,-37.73512
4754,Government,Cheltenham East Primary School,Primary,Silver Street,"",Cheltenham,3192,03 9583 5746,145.06836,-37.965256
4755,Government,Cranbourne South Primary School,Primary,Pearcedale Road,"",Cranbourne South,3977,03 9782 2999,145.24506,-38.147945
4764,Government,Preston North East Primary School,Primary,93 Tyler Street,"",East Preston,3072,03 9478 8078,145.02945,-37.73305
4770,Government,Craigieburn Primary School,Primary,87 - 91 Grand Boulevard,"",Craigieburn,3064,03 9308 1228,144.93355,-37.582645
4778,Government,Valkstone Primary School,Primary,44 Valkstone Street,"",Bentleigh East,3165,03 9570 3986,145.05717,-37.914608
4780,Government,Overport Primary School,Primary,Towerhill Road,"",Frankston,3199,03 9783 8777,145.12697,-38.16049
4788,Government,Wembley Primary School,Primary,32 St Leonards Ave,"",Yarraville,3013,03 9314 7054,144.87442,-37.821037
4792,Government,Rosamond Special School,Special,276 Ballarat Road,"",Braybrook,3019,03 9311 1511,144.85541,-37.779636
4798,Government,Bonbeach Primary School,Primary,29-63 Breeze Street,"",Bonbeach,3196,03 9772 3471,145.12564,-38.066494
4802,Government,Heatherhill Primary School,Primary,959 Heatherton Road,"",Springvale,3171,03 9546 7562,145.15814,-37.962646
4803,Government,Beaumaris North Primary School,Primary,Wood Street,"",Beaumaris,3193,03 9589 5449,145.03662,-37.97424
4807,Government,Yarraman Oaks Primary School,Primary,27 Liege Avenue,"",Noble Park,3174,03 9792 4406,145.19153,-37.970287
4808,Government,Mount Pleasant Road Nunawading Primary School,Primary,Mt Pleasant Road,"",Nunawading,3131,03 9878 1730,145.18008,-37.828587
4810,Government,Dandenong South Primary School,Primary,52 Kirkham Road,"",Dandenong,3175,03 9792 3726,145.21143,-37.99895
4811,Government,St Albans North Primary School,Primary,65 George Street,"",St Albans,3021,03 9366 2029,144.80202,-37.731747
4812,Government,Avondale Primary School,Primary,11 Clarendon St,"",Avondale Heights,3034,03 9318 1755,144.86153,-37.766155
4813,Government,Beverley Hills Primary School,Primary,2 - 14 Cassowary Street,"",Doncaster East,3109,03 9842 1428,145.15984,-37.79624
4815,Government,Frankston Heights Primary School,Primary,10 Kalmia Street,"",Frankston,3199,03 9783 4988,145.14717,-38.161808
4816,Government,Kerrimuir Primary School,Primary,178 Dorking Road,"",Box Hill North,3129,03 9898 1494,145.13525,-37.80368
4819,Government,Heathmont East Primary School,Primary,Louis Street,"",Heathmont,3135,03 9729 5439,145.25769,-37.830345
4821,Government,Strathmore North Primary School,Primary,Mascoma Street,"",Strathmore,3041,03 9379 6575,144.91597,-37.72486
4823,Government,Oakleigh South Primary School,Primary,Riley Street,"",Oakleigh South,3167,03 9570 1016,145.09471,-37.922207
4827,Government,Thomastown East Primary School,Primary,82 Cedar Street,"",Thomastown,3074,03 9465 3032,145.0249,-37.680325
4832,Government,Mount Waverley Heights Primary School,Primary,36 Solomon Street,"",Mount Waverley,3149,03 9807 8120,145.11185,-37.889
4837,Government,East Bentleigh Primary School,Primary,Bignell Road,"",Bentleigh East,3165,03 9570 3525,145.06943,-37.934505
4838,Government,Watsonia Primary School,Primary,Nell Street West,"",Watsonia,3087,03 9435 2917,145.08691,-37.707027
4843,Government,Parktone Primary School,Primary,Robert Street,"",Parkdale,3195,03 9580 1207,145.08824,-37.98711
4844,Government,Antonio Park Primary School,Primary,631-639 Whitehorse Road,"",Mitcham,3132,03 9874 4371,145.20601,-37.81619
4845,Government,Kingsbury Primary School,Primary,1A Maryborough Avenue,"",Kingsbury,3083,03 9462 2711,145.0372,-37.716026
4846,Government,Katandra School,Special,2 Walsh Street,"",Ormond,3204,03 9578 6991,145.04074,-37.90206
4848,Government,Ardeer Primary School,Primary,Suspension Street,"",Ardeer,3022,03 9363 1194,144.80049,-37.781075
4851,Government,Westall Primary School,Primary,Fairbank Road,"",Clayton South,3169,03 9546 8964,145.13574,-37.94219
4852,Government,Tullamarine Primary School,Primary,Broadmeadows Road,"",Tullamarine,3043,03 9338 2826,144.87956,-37.702206
4854,Government,Park Orchards Primary School,Primary,1-3 Bowmore Avenue,"",Park Orchards,3114,03 9876 1249,145.21591,-37.77952
4855,Government,Albion North Primary School,Primary,67-73 Furlong Road,"",Sunshine North,3020,03 9312 5900,144.82304,-37.76212
4860,Government,Blackburn Lake Primary School,Primary,12 - 14 Florence Street,"",Blackburn,3130,03 9894 2855,145.16609,-37.827602
4863,Government,Laburnum Primary School,Primary,Janet Street,"",Blackburn,3130,03 9898 5811,145.1392,-37.8271
4871,Government,Heatherwood School,Special,370-380 Springvale Road,"",Donvale,3111,03 9842 8319,145.17804,-37.80034
4874,Government,Pinewood Primary School,Primary,27-35 Pinewood Drive,"",Mount Waverley,3149,03 8847 3200,145.14233,-37.890118
4875,Government,Broadmeadows Primary School,Primary,62-70 Blair Street,"",Broadmeadows,3047,03 9302 6060,144.9285,-37.68019
4877,Government,Keilor Heights Primary School,Primary,Ronald Grove,"",Keilor East,3033,03 9336 1739,144.8665,-37.737514
4879,Government,Ainslie Parklands Primary School,Primary,24 - 36 Hinkley Ave,"",Croydon,3136,03 9870 1566,145.26424,-37.793785
4881,Government,Parkmore Primary School,Primary,38-54 Jolimont Road,"",Forest Hill,3131,03 9878 5556,145.17719,-37.843845
4886,Government,Mullum Primary School,Primary,18 Panfield Avenue,"",Ringwood,3134,03 9870 2120,145.23944,-37.797737
4887,Government,Cranbourne Park Primary School,Primary,1 Tucker Street,"",Cranbourne,3977,03 5996 1142,145.27774,-38.104065
4892,Government,Viewbank Primary School,Primary,2-10 Nevin Parade,"",Viewbank,3084,03 9459 1512,145.09,-37.73473
4893,Government,Greenhills Primary School,Primary,Mine Street,"",Greensborough,3088,03 9435 4181,145.11865,-37.69228
4894,Government,Upwey South Primary School,Primary,91 Morris Road,"",Upwey,3158,03 9757 0200,145.32684,-37.91314
4902,Government,Belvedere Park Primary School,Primary,30 Belvedere Road,"",Seaford,3198,03 9786 3205,145.14693,-38.109837
4903,Government,Essex Heights Primary School,Primary,22 - 30 Essex Road,"",Mount Waverley,3149,03 9807 4944,145.11563,-37.86299
4905,Government,Mountain Gate Primary School,Primary,Adele Avenue,"",Ferntree Gully,3156,03 9758 2811,145.2697,-37.885693
4906,Government,Fairhills Primary School,Primary,Manuka Drive,"",Ferntree Gully,3156,03 9758 3007,145.2648,-37.8696
4908,Government,Boronia West Primary School,Primary,25 Tormore Road,"",Boronia,3155,03 9762 2510,145.27849,-37.858562
4910,Government,Southmoor Primary School,Primary,Rica Street,"",Moorabbin,3189,03 9555 1235,145.05698,-37.941177
4911,Government,Ringwood Heights Primary School,Primary,60 Summit Crescent,"",Ringwood North,3134,03 9870 3050,145.21721,-37.804226
4916,Government,Ruskin Park Primary School,Primary,18 - 20 Ruskin Ave,"",Croydon,3136,03 9723 3886,145.29616,-37.798943
4918,Government,Emerson School,Special,1430 Heatherton Road,"",Dandenong,3175,03 9791 8900,145.2081,-37.969864
4922,Government,Karingal Primary School,Primary,Mallum Avenue,"",Frankston,3199,03 9788 4800,145.15228,-38.137924
4923,Government,Mount View Primary School,Primary,274-288 Gallaghers Rd,"",Glen Waverley,3150,03 9560 0471,145.1788,-37.883484
4924,Government,Syndal South Primary School,Primary,14 Montgomery Avenue,"",Mount Waverley,3149,03 9802 5277,145.1433,-37.879086
4925,Government,Montmorency South Primary School,Primary,64 Buena Vista Drive,"",Montmorency,3094,03 9439 6201,145.12988,-37.724915
4928,Government,Berendale School,Special,2 Berend Street,"",Hampton East,3188,03 9555 6141,145.03181,-37.938957
4931,Government,Altona North Primary School,Primary,51 Cresser Street,"",Altona North,3025,03 9391 4233,144.84917,-37.836975
4932,Government,Burwood Heights Primary School,Primary,Cnr Hawthorn & Mahoneys Rds,"",Burwood East,3151,03 9803 8311,145.16327,-37.846752
4935,Government,Watsonia Heights Primary School,Primary,61 Henry Street,"",Greensborough,3088,03 9435 4617,145.10072,-37.715298
4937,Government,Pembroke Primary School,Primary,Pembroke Road,"",Mooroolbark,3138,03 9725 6689,145.32724,-37.796795
4939,Government,Mahogany Rise Primary School,Primary,23 Jenkens Street,"",Frankston North,3200,03 9786 3211,145.1574,-38.125618
4944,Government,Bundoora Primary School,Primary,6 Bendoran Crescent,"",Bundoora,3083,03 9467 2601,145.06299,-37.70734
4945,Government,University Park Primary School,Primary,Lister Street,"",St Albans,3021,03 9366 1356,144.80307,-37.754887
4948,Government,St Albans Heights Primary School,Primary,Norwich Street,"",St Albans,3021,03 9366 3127,144.81036,-37.748653
4950,Government,Hume Valley School,Special,15- 41 Koroit Avenue,"",Broadmeadows,3047,03 9309 3477,144.92702,-37.672398
4955,Government,Mentone Park Primary School,Primary,Broome Avenue,"",Mentone,3194,03 9583 4935,145.0828,-37.98001
4961,Government,Donvale Primary School,Primary,Elata Street,"",Donvale,3111,03 9842 3373,145.17378,-37.800415
4967,Government,Boronia Heights Primary School,Primary,Landscape Drive,"",Boronia,3155,03 9729 2614,145.29648,-37.84457
4968,Government,Glenallen School,Special,7 Allen Street,"",Glen Waverley,3150,03 9561 1966,145.16174,-37.88836
4973,Government,Bayswater South Primary School,Primary,Enfield Drive,"",Bayswater,3153,03 9729 2862,145.26135,-37.854897
4974,Government,Seaford North Primary School,Primary,81 Hallifax Street,"",Seaford,3198,03 9786 5674,145.1336,-38.09016
4976,Government,Lalor East Primary School,Primary,39 Cleveland Street,"",Thomastown,3074,03 9465 4350,145.03554,-37.67658
4979,Government,Jackson School,Special,40-46 Mulhall Drive,"",St Albans,3021,03 9366 4322,144.81418,-37.756023
4980,Government,Carlton Primary School,Primary,150 Palmerston Street,"",Carlton,3053,03 9347 6022,144.97044,-37.7956
4985,Government,Templestowe Valley Primary School,Primary,15 Birchwood Avenue,"",Lower Templestowe,3107,03 8850 5777,145.10938,-37.760612
4986,Government,Highvale Primary School,Primary,33 Ashton Street,"",Glen Waverley,3150,03 9887 8000,145.17407,-37.86702
4988,Government,Watsonia North Primary School,Primary,16 Sharpes Road,"",Watsonia North,3087,03 9435 1285,145.0805,-37.700394
4989,Government,Wooranna Park Primary School,Primary,89-105 Carlton Road,"",Dandenong,3175,03 9795 2007,145.21635,-37.960243
4990,Government,Knox Park Primary School,Primary,Kathryn Road,"",Knoxfield,3180,03 9763 6533,145.2514,-37.88363
4991,Government,Birralee Primary School,Primary,Heyington Avenue,"",Doncaster,3108,03 9848 4996,145.11334,-37.79342
4996,Government,Derinya Primary School,Primary,Overport Road,"",Frankston South,3199,03 9787 3633,145.12094,-38.174435
4999,Government,Thomastown West Primary School,Primary,98-112 Main Street,"",Thomastown,3074,03 9465 4317,145.0008,-37.678703
5000,Government,Rowville Primary School,Primary,Paratea Drive,"",Rowville,3178,03 9764 1955,145.2371,-37.922924
5002,Government,Mossfiel Primary School,Primary,15a Langridge Street,"",Hoppers Crossing,3029,03 9749 1227,144.69612,-37.872883
5004,Government,Templestowe Heights Primary School,Primary,276-300 High Street,"",Templestowe Lower,3107,03 9850 1796,145.11935,-37.767216
5005,Government,Ballam Park Primary School,Primary,Belar Avenue,"",Frankston,3199,03 9789 5614,145.15828,-38.147457
5006,Government,Sunbury West Primary School,Primary,479-491 Elizabeth Drive,"",Sunbury,3429,03 9740 8666,144.71292,-37.5748
5007,Government,Gladstone Park Primary School,Primary,15 - 25 South Circular Road,"",Gladstone Park,3043,03 9338 2774,144.88658,-37.687145
5009,Government,Manchester Primary School,Primary,Monomeith Street,"",Mooroolbark,3138,03 9726 6931,145.3084,-37.772266
5010,Government,Glendal Primary School,Primary,55 Nottingham Street,"",Glen Waverley,3150,03 9803 1330,145.15904,-37.86708
5011,Government,Bimbadeen Heights Primary School,Primary,118 Hayrick Lane,"",Mooroolbark,3138,03 9726 9989,145.32115,-37.773766
5012,Government,Wattle View Primary School,Primary,Wattletree Road,"",Ferntree Gully,3156,03 9758 4322,145.27802,-37.875824
5013,Government,Sherbourne Primary School,Primary,17 Outlook Crescent,"",Briar Hill,3088,03 9434 7142,145.13008,-37.708908
5019,Government,Donburn Primary School,Primary,Colchester Drive,"",Doncaster East,3109,03 9841 8099,145.16553,-37.787457
5023,Government,Royal Childrens Hospital Education Institute,Special,"Suite 1.4, Level 1",48 Flemington Road,Parkville,3052,03 9345 9700,144.95097,-37.79435
5025,Government,Vermont South Special School,Special,22-30 Livingstone Road,"",Vermont South,3133,03 9802 8199,145.1806,-37.85114
5027,Government,Concord School,Special,411 Grimshaw Street,"",Bundoora,3083,03 9467 3972,145.07501,-37.702
5032,Government,Deer Park West Primary School,Primary,Quinn Street,"",Deer Park,3023,03 9363 3519,144.76443,-37.772
5034,Government,Campbellfield Heights Primary School,Primary,1-13 Laurel Crescent,"",Campbellfield,3061,03 9359 5502,144.96587,-37.674328
5035,Government,Lalor North Primary School,Primary,2 Derna Crescent,"",Lalor,3075,03 9465 4922,145.02853,-37.66415
5036,Government,Melton West Primary School,Primary,2 Rathdowne Circuit,"",Melton West,3337,03 9743 5818,144.56749,-37.677483
5038,Government,Brandon Park Primary School,Primary,1-5 Ninevah Crescent,"",Wheelers Hill,3150,03 9560 4423,145.17325,-37.914318
5039,Government,Bayswater West Primary School,Primary,Phyllis Street,"",Bayswater,3153,03 9729 3394,145.25305,-37.849068
5040,Government,Mornington Park Primary School,Primary,Robertson Drive,"",Mornington,3931,03 5975 4011,145.05875,-38.226025
5043,Government,Aldercourt Primary School,Primary,Silver Avenue,"",Frankston North,3200,03 9786 4488,145.16162,-38.11662
5044,Government,Richmond West Primary School,Primary,25 Lennox Street,"",Richmond,3121,03 9427 8736,144.99573,-37.813625
5045,Government,Marlborough Primary School,Primary,Hardy Crescent,"",Heathmont,3135,03 9870 3468,145.23294,-37.83641
5047,Government,Stevensville Primary School,Primary,52 Kings Road,"",St Albans,3021,03 9366 1381,144.7812,-37.736095
5048,Government,Birmingham Primary School,Primary,43-49 Francis Crescent,"",Mount Evelyn,3796,03 9736 3260,145.36852,-37.77958
5049,Government,Woodville Primary School,Primary,33-57 Warringa Crescent,"",Hoppers Crossing,3029,03 9749 2770,144.69122,-37.88377
5050,Government,Glengala Primary School,Primary,1-23 Kermeen Street,"",Sunshine West,3020,03 9311 7810,144.81407,-37.79899
5053,Government,Karingal Heights Primary School,Primary,Havana Crescent,"",Frankston,3199,03 9789 3288,145.16681,-38.141476
5055,Government,Wallarano Primary School,Primary,38-64 Wallarano Drive,"",Noble Park,3174,03 9798 1890,145.17082,-37.97962
5057,Government,Victoria Road Primary School,Primary,44 Victoria Road,"",Lilydale,3140,03 9735 4670,145.3361,-37.75518
5059,Government,Mooroolbark East Primary School,Primary,Taylor Road,"",Mooroolbark,3138,03 9726 9422,145.33571,-37.7868
5064,Government,Ardeer South Primary School,Primary,59-75 Murray Street,"",Sunshine West,3020,03 9363 2768,144.799,-37.788395
5066,Government,Gladesville Primary School,Primary,48 Gladesville Drive,"",Kilsyth,3137,03 9728 1877,145.3229,-37.8111
5068,Government,Debney Meadows Primary School,Primary,100 Victoria Street,"",Flemington,3031,03 9376 1570,144.93515,-37.785984
5072,Government,Fountain Gate Primary School,Primary,7-21 Prospect Hill Road,"",Narre Warren,3805,03 9703 1187,145.2952,-38.009426
5075,Government,Tinternvale Primary School,Primary,Tintern Avenue,"",Ringwood East,3135,03 9720 1215,145.26535,-37.818405
5080,Government,Naranga Special School,Special,14 Naranga Crescent,"",Frankston,3199,03 9788 2222,145.16301,-38.14716
5082,Government,Kent Park Primary School,Primary,Greenaway Drive,"",Ferntree Gully,3156,03 9763 8055,145.26273,-37.88349
5084,Government,Deer Park North Primary School,Primary,18-36 Mawson Avenue,"",Deer Park,3023,03 9363 4600,144.77403,-37.756134
5087,Government,Rosewood Downs Primary School,Primary,25 Murray Road,"",Dandenong North,3175,03 9795 3744,145.21346,-37.94411
5090,Government,Coburn Primary School,Primary,26-42 Richard Road,"",Melton South,3338,03 9971 2900,144.57266,-37.694866
5091,Government,Manorvale Primary School,Primary,232-246 Greaves St North,"",Werribee,3030,03 9741 6300,144.64389,-37.89406
5093,Government,Gladstone Views Primary School,Primary,195 - 227 Carrick Drive,"",Gladstone Park,3043,03 9338 6083,144.89838,-37.68901
5094,Government,Wheelers Hill Primary School,Primary,134-148 Whites Lane,"",Wheelers Hill,3150,03 9561 3457,145.1776,-37.90017
5097,Government,Ashwood School,Special,Montpellier Road,"",Ashwood,3147,03 9808 7444,145.10716,-37.859665
5098,Government,Broadmeadows Valley Primary School,Primary,Dimboola Road,"",Broadmeadows,3047,03 9309 4066,144.9141,-37.681404
5099,Government,Bulleen Heights School,Special,49-61 Pleasant Road,"",Bulleen,3105,03 9850 7122,145.09506,-37.763287
5101,Government,Kingston Heath Primary School,Primary,25 Farm Road,"",Cheltenham,3192,03 9584 5805,145.07907,-37.962776
5104,Government,Andersons Creek Primary School,Primary,36-42 Drysdale Road,"",Warrandyte,3113,03 9844 2757,145.20769,-37.74822
5105,Government,Waverley Meadows Primary School,Primary,11 Columbia Drive,"",Wheelers Hill,3150,03 9561 2879,145.18428,-37.914753
5106,Government,Kingswood Primary School,Primary,1-25 Plaza Crescent,"",Dingley Village,3172,03 9551 1727,145.1238,-37.982998
5109,Government,Ascot Vale Heights School,Special,1 Tasma Street,"",Ascot Vale,3032,03 9370 8906,144.93236,-37.77682
5111,Government,Camelot Rise Primary School,Primary,Galahad Crescent,"",Glen Waverley,3150,03 9803 5344,145.18777,-37.865276
5113,Government,Livingstone Primary School,Primary,25 - 29 Livingstone Road,"",Vermont South,3133,03 9803 7673,145.18066,-37.85289
5118,Government,St Albans Meadows Primary School,Primary,2A Laurel Street,"",St Albans,3021,03 9364 6144,144.81778,-37.75337
5120,Government,Silverton Primary School,Primary,77-123 Jacksons Road,"",Noble Park North,3174,03 9795 5033,145.19289,-37.94923
5121,Government,Kalinda Primary School,Primary,39-49 Kalinda Road,"",Ringwood,3134,03 9876 3289,145.25482,-37.7893
5127,Government,Coldstream Primary School,Primary,Kelso Street,"",Coldstream,3770,03 9739 1680,145.3827,-37.73256
5129,Government,Templestowe Park Primary School,Primary,399-409 Church Road,"",Templestowe,3106,03 9846 2700,145.14326,-37.75627
5130,Government,River Gum Primary School,Primary,63 Fordholm Road,"",Hampton Park,3976,03 9799 1216,145.26051,-38.034653
5131,Government,Regency Park Primary School,Primary,Amesbury Avenue,"",Wantirna,3152,03 9801 3614,145.23616,-37.854874
5132,Government,Dorset Primary School,Primary,1-11 Rescorla Avenue,"",Croydon,3136,03 9725 5038,145.28575,-37.810085
5133,Government,Eastbourne Primary School,Primary,Allambi Avenue,"",Capel Sound,3940,03 5986 4884,144.8835,-38.373764
5134,Government,Thomastown Meadows Primary School,Primary,13-21 Diplomat Drive,"",Thomastown,3074,03 9466 1322,144.9931,-37.68259
5135,Government,Kingsley Park Primary School,Primary,Franciscan Avenue,"",Frankston,3199,03 9789 0077,145.1557,-38.16808
5136,Government,James Cook Primary School,Primary,29-59 James Cook Drive,"",Endeavour Hills,3802,03 9700 2601,145.24585,-37.979065
5139,Government,Movelle Primary School,Primary,39 Gum Road,"",KINGS PARK,3021,03 9366 8892,144.77536,-37.737713
5140,Government,Mount Eliza North Primary School,Primary,6 Moseley Drive,"",Mount Eliza,3930,03 9787 6611,145.10054,-38.1884
5142,Government,Yarrabah School,Special,23 Mill Street,"",Aspendale,3195,03 9580 0384,145.09668,-38.013992
5143,Government,Frankston Special Developmental School,Special,Sassafras Drive,"",Frankston,3199,03 9789 6844,145.1702,-38.1433
5144,Government,Waratah Special Developmental School,Special,228 Banksia Street,"",Bellfield,3081,03 9474 8700,145.04074,-37.75629
5145,Government,Port Phillip Specialist School,Special,Cnr Nott & Pool Streets,"",Port Melbourne,3207,03 9646 0855,144.94197,-37.83679
5151,Government,Monash Special Developmental School,Special,15-25 Academy Avenue,"",Wheelers Hill,3150,03 9239 7400,145.1658,-37.90698
5152,Government,Iramoo Primary School,Primary,261 - 269 Mcgrath Road,"",Wyndham Vale,3024,03 9741 2803,144.62857,-37.89587
5157,Government,Weeden Heights Primary School,Primary,41-51 Weeden Drive,"",Vermont South,3133,03 9802 0663,145.17764,-37.85916
5160,Government,Mill Park Primary School,Primary,Blamey Avenue,"",Mill Park,3082,03 9404 3337,145.06589,-37.674606
5162,Government,Melton Specialist School,Special,159-211 Coburns Road,"",Melton,3337,03 9743 4966,144.56822,-37.68057
5164,Government,Springvale Park Special Developmental School,Special,13-15 Sandown Road,"",Springvale,3171,03 9546 7666,145.15431,-37.949356
5165,Government,Warringa Park School,Special,81 Warringa Crescent,"",Hoppers Crossing,3029,03 9749 5774,144.68759,-37.88404
5168,Government,Serpell Primary School,Primary,Tuckers Road,"",Templestowe,3106,03 9842 8182,145.15558,-37.7699
5171,Government,Mount Martha Primary School,Primary,37 - 55 Glenisla Drive,"",Mount Martha,3934,03 5974 2800,145.01373,-38.275562
5172,Government,Altona Meadows Primary School,Primary,78-88 Alma Avenue,"",Altona Meadows,3028,03 9369 1288,144.77972,-37.868687
5173,Government,The Patch Primary School,Primary,53 Kallista-Emerald Road,"",The Patch,3792,03 9756 7463,145.39284,-37.892418
5176,Government,Jells Park Primary School,Primary,17-33 Petronella Avenue,"",Wheelers Hill,3150,03 9560 6494,145.19286,-37.902836
5179,Government,Albanvale Primary School,Primary,54-64 Diamond Avenue,"",Albanvale,3021,03 9367 2197,144.77441,-37.744022
5180,Government,Kismet Park Primary School,Primary,Mcewen Drive,"",Sunbury,3429,03 9744 4566,144.72867,-37.565247
5182,Government,Kunyung Primary School,Primary,50 Kunyung Road,"",Mount Eliza,3930,03 9787 6102,145.07623,-38.187675
5186,Government,Bethal Primary School,Primary,26-52 Eldorado Crescent,"",Meadow Heights,3048,03 9309 7626,144.91782,-37.659195
5189,Government,Cranbourne West Primary School,Primary,110 Duff Street,"",Cranbourne,3977,03 5996 2878,145.26772,-38.102715
5190,Government,Patterson Lakes Primary School,Primary,130-148 Gladesville Boulevard,"",Patterson Lakes,3197,03 9772 4011,145.14479,-38.06984
5191,Government,Seaford Park Primary School,Primary,141 East Road,"",Seaford,3198,03 9786 5197,145.15443,-38.105038
5193,Government,Billanook Primary School,Primary,270 Sheffield Road,"",Montrose,3765,03 9728 2624,145.33925,-37.824955
5194,Government,Chirnside Park Primary School,Primary,66 Kimberley Drive,"",Chirnside Park,3116,03 9727 3466,145.31134,-37.750072
5196,Government,Templeton Primary School,Primary,Crestdale Road,"",Wantirna,3152,03 9801 7450,145.23228,-37.860943
5197,Government,Sunbury Heights Primary School,Primary,Charter Road East,"",Sunbury,3429,03 9744 3377,144.70695,-37.58114
5202,Government,Wallaroo Primary School,Primary,Stalwart Avenue,"",Hastings,3915,03 5979 2654,145.17274,-38.29789
5205,Government,Mossgiel Park Primary School,Primary,71 Scotsburn Way,"",Endeavour Hills,3802,03 9709 7777,145.26772,-37.968388
5206,Government,Wedge Park Primary School,Primary,27 Cambrian Way,"",Melton West,3337,03 9743 7595,144.55421,-37.675613
5210,Government,Croydon Special Developmental School,Special,71-95 Belmont Road East,"",Croydon South,3136,03 9725 4933,145.28078,-37.815628
5212,Government,Milgate Primary School,Primary,96 Landscape Drive,"",Doncaster East,3109,03 9842 7744,145.17519,-37.7738
5213,Government,Berwick Lodge Primary School,Primary,139-145 Mansfield Street,"",Berwick,3806,03 9709 6700,145.32744,-38.031143
5214,Government,Furlong Park School For Deaf Children,Special,58 - 84 Furlong Road,"",Sunshine North,3020,03 9312 3244,144.8271,-37.761436
5215,Government,Jennings Street School,Special,4 Jennings Street,"",Laverton,3028,03 9360 9322,144.77364,-37.85635
5218,Government,Sunbury And Macedon Ranges Specialist School,Special,127-143 Circular Drive,"",Sunbury,3429,03 9744 4879,144.72932,-37.596024
5219,Government,Northern School For Autism,Special,16-18 Gertz Ave,"",Reservoir,3073,03 9462 5990,145.02994,-37.700584
5224,Government,Botanic Ridge Primary School,Primary,10 Echidna Parade,"",Botanic Ridge,3977,03 5992 7900,145.28804,-38.15007
5225,Government,Burwood East Special Developmental School,Special,18 Manooka Street,"",Burwood East,3151,03 9803 4590,145.14212,-37.8572
5227,Government,Meadow Heights Primary School,Primary,46-62 Paringa Boulevard,"",Meadow Heights,3048,03 9305 2033,144.92384,-37.65042
5230,Government,Peninsula Specialist College,Special,25 Old White Hill Road,"",Dromana,3936,03 5987 2649,145.0101,-38.341843
5231,Government,Chalcot Lodge Primary School,Primary,15A Primrose Hill Close,"",Endeavour Hills,3802,03 9700 4455,145.2477,-37.96973
5232,Government,Rangebank Primary School,Primary,14-36 Lesdon Avenue,"",Cranbourne,3977,03 5996 8900,145.27621,-38.08736
5234,Government,Knox Gardens Primary School,Primary,80 Argyle Way,"",Wantirna South,3152,03 9800 2320,145.22958,-37.882282
5235,Government,Southern Cross Primary School,Primary,1-21 David Collins Drive,"",Endeavour Hills,3802,03 9700 4488,145.26442,-37.988235
5236,Government,Kings Park Primary School,Primary,128b Gillespie Road,"",St Albans,3021,03 9367 6555,144.76755,-37.73315
5238,Government,Dandenong Valley Special Developmental School,Special,19-21 Victoria Road,"",Narre Warren,3805,03 9704 4800,145.296,-38.0076
5239,Government,Mornington Special Developmental School,Special,40 Robertson Drive,"",Mornington,3931,03 5975 6111,145.05719,-38.22611
5240,Government,Bayside Special Developmental School,Special,4 Genoa Street,"",Moorabbin,3189,03 9555 4155,145.05681,-37.94336
5241,Government,Rolling Hills Primary School,Primary,52 Landscape Drive,"",Mooroolbark,3138,03 9726 4454,145.32684,-37.766514
5243,Government,Craigieburn South Primary School,Primary,102 Hothlyn Drive,"",Craigieburn,3064,03 9308 3133,144.93585,-37.608753
5244,Government,Findon Primary School,Primary,Cuthbert Drive,"",Mill Park,3082,03 9404 1362,145.05107,-37.666496
5246,Government,Yarra Ranges Special Developmental School,Special,20 Burdap Drive,"",Mount Evelyn,3796,03 9736 2499,145.38487,-37.775024
5248,Government,Goonawarra Primary School,Primary,3 - 6 Gullane Drive,"",Sunbury,3429,03 9744 7137,144.75105,-37.580517
5253,Government,Southern Autistic School,Special,12 Margaretta Street,"",East Bentleigh,3165,03 9563 8139,145.06209,-37.92672
5254,Government,Bellbridge Primary School,Primary,120 Bellbridge Drive,"",Hoppers Crossing,3029,03 9749 6161,144.71078,-37.871082
5255,Government,Croydon Hills Primary School,Primary,Campaspe Drive,"",Croydon Hills,3136,03 9725 1206,145.27205,-37.77668
5256,Government,Kurunjang Primary School,Primary,37-45 Mowbray Crescent,"",Melton,3337,03 9743 0633,144.58632,-37.67057
5257,Government,Langwarrin Park Primary School,Primary,19-27 Northgateway,"",Langwarrin,3910,03 9775 7533,145.2025,-38.150913
5258,Government,Taylors Lakes Primary School,Primary,21-35 Chichester Drive,"",Taylors Lakes,3038,03 9390 3388,144.79376,-37.709652
5260,Government,Glen Katherine Primary School,Primary,39 Calendonia Drive,"",Eltham North,3095,03 9431 1599,145.13983,-37.689983
5262,Government,Broadmeadows Special Developmental School,Special,29 - 35 Dimboola Rd,"",Broadmeadows,3047,03 9302 1244,144.91411,-37.68165
5267,Government,Sunshine Special Developmental School,Special,Ivory Court,"",Sunshine,3020,03 9311 4804,144.81989,-37.803436
5269,Government,Richmond Primary School,Primary,85 Brighton Street,"",Richmond,3121,03 9428 1909,144.99907,-37.82957
5271,Government,Yarra Primary School,Primary,68-76 Davison Street,"",Richmond,3121,03 9428 3286,145.00748,-37.81464
5278,Government,Yarraville Special Developmental School,Special,117 Blackwood Street,"",Yarraville,3013,03 9314 4919,144.88365,-37.817905
5281,Government,Park Ridge Primary School,Primary,Wentworth Avenue,"",Rowville,3178,03 9752 8555,145.26247,-37.918415
5284,Government,Merriang Special Developmental School,Special,11 Duncan Road,"",Lalor,3075,03 9464 3011,145.01508,-37.667236
5285,Government,Orchard Grove Primary School,Primary,101 Orchard Grove,"",Blackburn South,3130,03 9894 3400,145.14653,-37.84023
5286,Government,Meadowglen Primary School,Primary,22-48 Meadow Glen Drive,"",Epping,3076,03 9408 6222,145.05309,-37.64275
5287,Government,Altona Green Primary School,Primary,240 Victoria Street,"",Altona Meadows,3028,03 9360 0777,144.78491,-37.886772
5288,Government,Boroondara Park Primary School,Primary,40 Almond Street,"",Balwyn North,3104,03 9857 5157,145.08789,-37.789436
5290,Government,Western Autistic School,Special,1 Burnley Street,"",Laverton,3028,03 9097 2000,144.77808,-37.85078
5292,Government,Coral Park Primary School,Primary,145 Coral Drive,"",Hampton Park,3976,03 9702 8398,145.27435,-38.043846
5293,Government,Maramba Primary School,Primary,Maramba Drive,"",Narre Warren,3805,03 9796 7150,145.30412,-38.003437
5294,Government,Thomas Mitchell Primary School,Primary,67-77 Thomas Mitchell Drive,"",Endeavour Hills,3802,03 9706 2254,145.27391,-37.98056
5295,Government,Karoo Primary School,Primary,Karoo Road,"",Rowville,3178,03 9759 6222,145.26328,-37.905323
5297,Government,Mackellar Primary School,Primary,29-35 Goldsmith Avenue,"",Delahey,3037,03 9364 0200,144.77753,-37.717236
5301,Government,Aspendale Gardens Primary School,Primary,96 Kearney Drive,"",Aspendale Gardens,3195,03 9587 0877,145.11679,-38.02251
5305,Government,Berwick Fields Primary School,Primary,35 Gwendoline Drive,"",Berwick,3806,03 8786 9988,145.3344,-38.04874
5308,Government,Brentwood Park Primary School,Primary,Bemersyde Drive,"",Berwick,3806,03 9702 2022,145.34776,-38.052982
5309,Government,Eastern Ranges School,Special,56 Dorset Road,"",Ferntree Gully,3156,03 9758 3772,145.28491,-37.88042
5310,Government,Edgars Creek Primary School,Primary,45 Macedon Parade,"",Wollert,3750,03 9407 7100,145.00258,-37.609844
5311,Government,Eynesbury Primary School,Primary,750 Eynesbury Road,"",Eynesbury,3338,03 8015 2900,144.54755,-37.789944
5312,Government,Cambridge Primary School,Primary,Carruthers Drive,"",Hoppers Crossing,3029,03 9748 9011,144.67569,-37.86739
5313,Government,Rowellyn Park Primary School,Primary,Rowellyn Avenue,"",Carrum Downs,3201,03 9782 0953,145.19246,-38.104424
5315,Government,Baden Powell P-9 College,Pri/Sec,31 Sycamore Street,"",Hoppers Crossing,3029,03 9748 8688,144.69102,-37.859837
5319,Government,Woodlands Primary School,Primary,10 Gum Nut Drive,"",Langwarrin,3910,03 9788 8333,145.20502,-38.135677
5325,Government,Mill Park Heights Primary School,Primary,87-93 Pindari Avenue,"",Mill Park,3082,03 9436 8866,145.05174,-37.65733
5336,Government,Monmia Primary School,Primary,Copernicus Way,"",Keilor Downs,3038,03 9364 1007,144.79205,-37.71727
5337,Government,Seabrook Primary School,Primary,83-105 Point Cook Road,"",Seabrook,3028,03 9395 1758,144.7579,-37.87884
5342,Government,Willmott Park Primary School,Primary,54 Dorchester Street,"",Craigieburn,3064,03 9305 6639,144.92259,-37.591778
5343,Government,Thomas Chirnside Primary School,Primary,85 Walls Road,"",Werribee,3030,03 9741 0200,144.63788,-37.903206
5345,Government,Heany Park Primary School,Primary,Buckingham Drive,"",Rowville,3178,03 9764 5533,145.24287,-37.93392
5350,Government,Kilberry Valley Primary School,Primary,Kilberry Boulevard,"",Hampton Park,3976,03 9702 8688,145.27957,-38.034164
5352,Government,Killara Primary School,Primary,61 Phillip Drive,"",Sunbury,3429,03 9744 6432,144.70457,-37.563793
5358,Government,Orchard Park Primary School,Primary,291 Pink Hill Boulevard,"",Officer,3809,03 5947 9100,145.39659,-38.05488
5361,Government,Riverwalk Primary School,Primary,56 Timbarra Avenue,"",Werribee,3030,03 9742 9700,144.63933,-37.921032
5362,Government,Niddrie Autistic School (interim name),Special,Cnr Garnet And Teague Street,"",Niddrie,3042,03 9112 8112,144.88705,-37.743927
5363,Government,Oatlands Primary School,Primary,79 - 93 Kurrajong Road,"",Narre Warren,3805,03 9705 6055,145.3162,-38.00644
5365,Government,Westgrove Primary School,Primary,37a Thames Boulevard,"",Werribee,3030,03 9749 8233,144.65953,-37.8785
5370,Government,Pakenham Hills Primary School,Primary,15 Kennedy Road,"",Pakenham,3810,03 5941 4436,145.49442,-38.060627
5371,Government,Courtenay Gardens Primary School,Primary,35 Rosebank Drive,"",Cranbourne North,3977,03 5995 7139,145.28345,-38.080124
5372,Government,Somerville Rise Primary School,Primary,Blacks Camp Road,"",Somerville,3912,03 5977 8500,145.16776,-38.230026
5385,Government,Grayling Primary School,Primary,25 Ferdinand Drive,"",Clyde North,3978,03 8903 4000,145.37268,-38.08286
5410,Government,Niddrie Primary School,Primary,25 Watt Street,"",Niddrie,3042,03 9379 6587,144.87843,-37.730846
5412,Government,Keelonith Primary School,Primary,1 Blossom Drive,"",Greenvale,3059,03 7379 5100,144.87883,-37.623203
5414,Government,Toolern Vale and District Primary School,Primary,361 Creamery Road,"",Toolern Vale,3337,03 9746 1312,144.59424,-37.606274
5416,Government,Parkhill Primary School,Primary,4a Parkhill Drive,"",Ashwood,3147,03 9807 2239,145.10687,-37.86288
5418,Government,Kananook Primary School,Primary,22 Wells Road,"",Seaford,3198,03 9786 6066,145.13174,-38.12516
5419,Government,Roberts McCubbin Primary School,Primary,57 Birdwood Street,"",Box Hill South,3128,03 9890 2372,145.12521,-37.834766
5421,Government,Bayles Regional Primary School,Primary,3730 Ballarto Road,"",Bayles,3981,03 5997 7261,145.56602,-38.176037
5422,Government,Le Page Primary School,Primary,77 Argus Street,"",Cheltenham,3192,03 9583 8342,145.06815,-37.95926
5425,Government,Glen Waverley Primary School,Primary,774 High Street Road,"",Glen Waverley,3150,03 9802 9938,145.16759,-37.874718
5426,Government,Carrington Primary School,Primary,Laura Road,"",Knoxfield,3180,03 9763 9600,145.24649,-37.891476
5427,Government,Albany Rise Primary School,Primary,74-82 Albany Drive,"",Mulgrave,3170,03 9547 1146,145.1729,-37.928123
5428,Government,Amsleigh Park Primary School,Primary,17 State Street,"",Oakleigh East,3166,03 9544 1553,145.10878,-37.900322
5429,Government,Knox Central Primary School,Primary,39 Darwin Road,"",Boronia,3155,03 9801 3289,145.25497,-37.86116
5430,Government,Mount Waverley North Primary School,Primary,Marcus Avenue,"",Mount Waverley,3149,03 9802 3168,145.14136,-37.868015
5431,Government,Rangeview Primary School,Primary,27 Churinga Avenue,"",Mitcham,3132,03 9874 6381,145.2063,-37.82958
5435,Government,Carwatha College P-12,Pri/Sec,43-81 Browns Road,"",Noble Park,3174,03 9795 5848,145.18872,-37.942844
5436,Government,Glen Waverley South Primary School,Primary,Whites Lane,"",Glen Waverley,3150,03 9560 6371,145.16762,-37.89686
5438,Government,Streeton Primary School,Primary,209 Yallambie Road,"",Yallambie,3085,03 9435 6070,145.10222,-37.721558
5441,Government,Millwarra Primary School,Primary,Cavanagh Road,"",Millgrove,3799,03 5966 2518,145.65186,-37.752785
5443,Government,Roxburgh Homestead Primary School,Primary,21-33 Mcpherson Boulevard,"",Roxburgh Park,3064,03 9305 1688,144.91628,-37.632065
5450,Government,Dinjerra Primary School,Primary,44 South Road,"",Braybrook,3019,03 9311 1598,144.85611,-37.791695
5454,Government,Doncaster Gardens Primary School,Primary,Sandhurst Avenue,"",Doncaster East,3109,03 9848 5282,145.1479,-37.78161
5463,Government,Strathaird Primary School,Primary,20 Sherwood Road,"",Narre Warren South,3805,03 9705 3800,145.28693,-38.06312
5464,Government,Marnebek School Cranbourne,Special,9 New Holland Drive,"",Cranbourne East,3977,03 5996 3858,145.2965,-38.110207
5478,Government,Great Ryrie Primary School,Primary,51A Great Ryrie Street,"",Heathmont,3135,03 9870 6098,145.23763,-37.823795
5479,Government,Timbarra P-9 College,Pri/Sec,159-197 Parkhill Drive,"",Berwick,3806,03 9704 2744,145.32263,-38.015575
5480,Government,Parkwood Green Primary School,Primary,178 Community Hub,"",Hillside,3037,03 9449 3600,144.74446,-37.699207
5482,Government,Hillsmeade Primary School,Primary,82S The Promenade,"",Narre Warren South,3805,03 9704 6313,145.30746,-38.06472
5485,Government,Roxburgh Park Primary School,Primary,7-21 Almands Avenue,"",Roxburgh Park,3064,03 9303 9335,144.9314,-37.63424
5486,Government,Carranballac P-9 College,Pri/Sec,Cnr Foxwood Dve & Dunnings Rd,"",Point Cook,3030,03 9395 3533,144.74313,-37.884735
5488,Government,Benton Junior College,Primary,261 Racecourse Road,"",Mornington,3931,03 5973 9100,145.06111,-38.245945
5489,Government,Caulfield Primary School,Primary,724 Glen Huntly Road,"",Caulfield South,3162,03 9523 7932,145.02003,-37.888054
5493,Government,Roxburgh Rise Primary School,Primary,35 - 59 Lockwood Drive,"",Roxburgh Park,3064,03 9305 4334,144.92351,-37.616207
5494,Government,Lynbrook Primary School,Primary,Paterson Drive,"",Lynbrook,3975,03 8787 5390,145.249,-38.05239
5497,Government,Laurimar Primary School,Primary,Armidale Road,"",Doreen,3754,03 9717 7100,145.12688,-37.585823
1267,Independent,Huntingtower School,Pri/Sec,77 Waimarie Drive,"",MT WAVERLEY,3149,03 9807 8888,145.13629,-37.87674
5498,Government,Truganina South Primary School,Primary,3-19 Parkvista Drive,"",Truganina,3029,03 9296 1800,144.72565,-37.86453
5499,Government,Kororoit Creek Primary School,Primary,130 Tenterfield Drive,"",Burnside Heights,3023,03 8358 0600,144.75458,-37.73503
5500,Government,Harvest Home Primary School,Primary,365 Harvest Home Road,"",Epping,3076,03 8468 9000,145.00226,-37.622078
5501,Government,Truganina P-9 College,Pri/Sec,55 Clearwood Drive,"",Truganina,3029,03 9368 9800,144.71909,-37.838768
5502,Government,Burnside Primary School,Primary,35 Lexington Drive,"",Burnside,3023,03 8578 6310,144.75288,-37.74566
5503,Government,Berwick Chase Primary School,Primary,72 Viewgrand Drive,"",Berwick,3806,03 9707 7799,145.34695,-38.067432
5504,Government,Pakenham Lakeside Primary School,Primary,23 Shearwater Drive,"",Pakenham,3810,03 5940 9532,145.439,-38.06846
5505,Government,Davis Creek Primary School,Primary,65 Wootten Road,"",Tarneit,3029,03 9749 9800,144.66023,-37.855877
5507,Government,Pakenham Springs Primary School,Primary,5 Livingstone Boulevard,"",Pakenham,3810,03 5945 7400,145.47008,-38.084507
5508,Government,Taylors Hill Primary School,Primary,40-50 Loddon Drive,"",Taylors Hill,3037,03 9361 4900,144.7599,-37.716694
5510,Government,Cranbourne Carlisle Primary School,Primary,15 Silky Oak Drive,"",Cranbourne,3977,03 5991 3600,145.28906,-38.087532
5511,Government,Aurora School,Special,96 Holland Road,"",Blackburn South,3130,03 8878 9878,145.15079,-37.84018
5512,Government,Derrimut Primary School,Primary,40 Lennon Parkway,"",Derrimut,3026,03 8361 1000,144.7632,-37.78927
5513,Government,Epping Views Primary School,Primary,20 Mansfield Street,"",Epping,3076,03 8401 3791,145.02402,-37.62844
5518,Government,Cranbourne East Primary School,Primary,2 Bowyer Avenue,"",Cranbourne East,3977,03 5990 0400,145.30444,-38.10628
5521,Government,Lyndhurst Primary School,Primary,70 Brookwater Parade,"",Lyndhurst,3975,03 8768 6700,145.25409,-38.07496
5522,Government,Aitken Creek Primary School,Primary,51-81 Grevillea Street,"",Craigieburn,3064,03 8338 3700,144.90556,-37.58175
5523,Government,Reservoir Views Primary School,Primary,73-91 Hickford Street,"",Reservoir,3073,03 9460 6995,145.02272,-37.705517
5524,Government,Meadows Primary School,Primary,41 Gerbert Street,"",Broadmeadows,3047,03 9309 2573,144.92957,-37.68754
5525,Government,Mernda Park Primary School,Primary,40 Riverdale Boulevard,"",Mernda,3754,03 8776 9700,145.09694,-37.614025
5526,Government,Sunshine Harvester Primary School,Primary,132 Hertford Road,"",Sunshine,3020,03 9311 1234,144.84569,-37.782932
5527,Government,Pakenham Primary School,Primary,50 Atlantic Drive,"",Pakenham,3810,03 5918 3900,145.51083,-38.06394
5528,Government,Alamanda K-9 College,Pri/Sec,86-100 Alamanda Boulevard,"",Point Cook,3030,03 8376 5200,144.74133,-37.908237
5530,Government,Whitehorse Primary School,Primary,70-86 Junction Road,"",Blackburn North,3130,03 9878 9339,145.16699,-37.80747
5532,Government,Lalor Gardens Primary School,Primary,134 Kingsway Drive,"",Lalor,3075,03 9465 1351,145.00134,-37.663692
5533,Government,Chandler Park Primary School,Primary,Cochrane Avenue,"",Keysborough,3173,03 9798 2228,145.18048,-37.992397
5534,Government,Keysborough Primary School,Primary,33 Coomoora Road,"",Springvale South,3172,03 9798 4764,145.15242,-37.982628
5535,Government,Lyndale Greens Primary School,Primary,1 - 19 Oakwood Avenue,"",Dandenong North,3175,03 9795 2271,145.20465,-37.965054
5536,Government,Athol Road Primary School,Primary,159-167 Athol Road,"",Springvale South,3172,03 9547 1224,145.14996,-37.97105
5537,Government,Springvale Rise Primary School,Primary,32-52 Wareham Street,"",Springvale,3171,03 9546 3799,145.15904,-37.93926
5538,Government,Spring Parks Primary School,Primary,24 Erica Street,"",Springvale,3171,03 9546 6402,145.13951,-37.958843
5539,Government,Keilor Views Primary School,Primary,18 Swindon Crescent,"",Keilor Downs,3038,03 9367 7466,144.80919,-37.717648
5540,Government,Wyndham Park Primary School,Primary,59-77 Kookaburra Avenue,"",Werribee,3030,03 9741 4549,144.67654,-37.88487
5544,Government,William Ruthven Primary School,Primary,60 Merrilands Road,"",Reservoir,3073,03 9460 1668,145.00278,-37.69667
5545,Government,Newbury Primary School,Primary,202-226 Newbury Boulevard,"",Craigieburn,3064,03 8691 6900,144.90955,-37.570988
5546,Government,Dallas Brooks Community Primary School,Primary,26-36 King Street,"",Dallas,3047,03 9309 1181,144.94185,-37.670303
5549,Government,Wyndham Vale Primary School,Primary,85 Ribblesdale Ave,"",Wyndham Vale,3024,03 8754 0888,144.6096,-37.895557
5550,Government,Officer Specialist School,Special,3 Parker Street,"",Officer,3809,03 5943 2800,145.4113,-38.07079
5551,Government,Epping Primary School,Primary,805 High Street,"",Epping,3076,03 9408 6362,145.02559,-37.64485
5552,Government,Hazel Glen College,Pri/Sec,115 Eminence Blvd,"",Doreen,3754,03 9717 7500,145.11937,-37.597553
5553,Government,Tulliallan Primary School,Primary,89 Wheelers Park Drive,"",Cranbourne North,3977,03 8766 3100,145.32733,-38.0816
5554,Government,Coolaroo South Primary School,Primary,52-72 Bushfield Crescent,"",Coolaroo,3048,03 9309 1664,144.93091,-37.66206
5555,Government,Jacana School for Autism,Special,19-39 Landy Road,"",Jacana,3047,03 9309 6258,144.91309,-37.687626
5557,Government,Arnolds Creek Primary School,Primary,59 Claret Ash Boulevard,"",Harkness,3337,03 9732 8300,144.54286,-37.66636
5558,Government,Wilandra Rise Primary School,Primary,25 Aayana Street,"",Clyde North,3978,03 5924 2500,145.31981,-38.10893
5559,Government,South Melbourne Primary School,Primary,129-161 Ferrars Street,"",Southbank,3006,03 9935 9399,144.9535,-37.829346
5560,Government,Barton Primary School,Primary,90 Everlasting Boulevard,"",Cranbourne West,3977,03 8766 4000,145.23903,-38.114975
5561,Government,John Henry Primary School,Primary,141 Henry Road,"",Pakenham,3810,03 5908 9500,145.44226,-38.076965
5562,Government,South Melbourne Park Primary School,Primary,29 Albert Park Drive South,"",Albert Park,3206,03 9498 3396,144.96269,-37.840538
5563,Government,Bridgewood Primary School,Primary,115 Bridge Road,"",Officer,3809,03 8766 9400,145.41966,-38.071945
5567,Government,Aitken Hill Primary School,Primary,2 Rhyolite Drive,"",Craigieburn,3064,03 8377 1000,144.90556,-37.601715
5569,Government,Ashley Park Primary School,Primary,105 Orchard Road,"",Doreen,3754,03 8776 0200,145.12729,-37.61564
5570,Government,Casey Fields Primary School,Primary,Chapelton Road,"",Cranbourne East,3977,03 5992 9000,145.2984,-38.12014
5572,Government,Keysborough Gardens Primary School,Primary,10 Homeleigh Road,"",Keysborough,3173,03 9792 6800,145.16133,-38.009506
5573,Government,Docklands Primary School,Primary,17 Little Docklands Drive,"",Docklands,3008,03 9067 0100,144.94055,-37.812714
5574,Government,Garrang Wilam Primary School,Primary,2 Canvas Street,"",Truganina,3029,03 7301 7000,144.72505,-37.828777
5575,Government,Aintree Primary School,Primary,11 Timbertop Parade,"",Aintree,3336,03 9218 6200,144.66623,-37.7238
5579,Government,Gaayip-Yagila Primary School,Primary,115 Blackmore Road,"",Mickleham,3064,03 9216 3200,144.90909,-37.528606
5580,Government,Riverbend Primary School,Primary,1 Communal Road,"",Wyndham Vale,3024,03 9742 8800,144.62526,-37.876675
5581,Government,Ramlegh Park Primary School,Primary,34 Thoroughbred Drive,"",Clyde North,3978,03 5991 5900,145.33827,-38.114883
6212,Government,Collingwood College,Pri/Sec,Cnr Cromwell St/McCutcheon Way,"",Collingwood,3066,03 9417 6681,144.9905,-37.802986
6242,Government,Macleod College,Pri/Sec,Carwarp Street,"",Macleod,3085,03 9459 0222,145.07222,-37.724747
6243,Government,Pakenham Consolidated School,Primary,2 Rundell Way,"",Pakenham,3810,03 5941 1511,145.46466,-38.065372
6249,Government,Red Hill Consolidated School,Primary,341 Arthurs Seat Road,"",Red Hill,3937,03 5989 2321,144.99527,-38.36668
6252,Government,Sherbrooke Community School,Pri/Sec,311 Mt Dandenong Tourist Road,"",Sassafras,3787,03 9755 2007,145.34944,-37.868244
6261,Government,Virtual School Victoria,Pri/Sec,315 Clarendon Street,"",Thornbury,3071,03 8480 0000,145.0257,-37.76204
6359,Government,Victorian School Of Languages,Pri/Sec,315 Clarendon Street,"",Thornbury,3071,03 9474 0500,145.02583,-37.761948
6363,Government,Avenues Education,Special,Level 2 999 Nepean Highway,"",Moorabbin,3189,03 8552 0588,145.03629,-37.934578
6364,Government,Monash Children's Hospital School,Special,246 Clayton Road,"",Clayton,3168,03 8572 3100,145.12425,-37.91938
7028,Government,Mount Erin Secondary College,Secondary,43 Robinsons Road,"",Frankston South,3199,03 5971 6000,145.14664,-38.174118
7050,Government,Box Hill Senior Secondary College,Secondary,Dunloe Avenue,"",Mont Albert North,3129,03 9890 0571,145.11191,-37.809242
7081,Government,Edgars Creek Secondary College,Secondary,2 Steen Avenue,"",Wollert,3750,03 9134 8200,145.00507,-37.609493
7082,Government,Elevation Secondary College,Secondary,199 Elevation Boulevard,"",Craigieburn,3064,03 8339 8000,144.89026,-37.59829
7108,Government,Lyndhurst Secondary College,Secondary,950 South Gippsland Highway,"",Cranbourne,3977,03 5996 0144,145.27103,-38.075386
7122,Government,Dromana Secondary College,Secondary,110 Harrisons Road,"",Dromana,3936,03 5987 2805,145.01358,-38.342636
7217,Government,Peter Lalor Secondary College,Secondary,35 Duncan Road,"",Lalor,3075,03 9464 0122,145.01315,-37.666904
7219,Government,Lilydale Heights College,Secondary,17-19 Nelson Road,"",Lilydale,3140,03 9735 1133,145.3414,-37.745823
7247,Government,Staughton College,Secondary,Wilson Road,"",Melton South,3338,03 9743 4622,144.5687,-37.708366
7255,Government,Bentleigh Secondary College,Secondary,Vivien St,"",Bentleigh East,3165,03 9579 1044,145.0598,-37.927357
7275,Government,Rosehill Secondary College,Secondary,Sapphire Street,"",Niddrie,3042,03 9337 2488,144.88618,-37.746677
7300,Government,Northern College of the Arts and Technology,Secondary,62 Murray Road,"",Preston,3072,03 9478 1333,145.02538,-37.74007
7366,Government,Swinburne Senior Secondary College,Secondary,505 Burwood Road,"",Hawthorn,3122,03 8862 4400,145.04082,-37.823135
7384,Government,Victorian College Of The Arts Secondary School,Secondary,57 Miles Street,"",Southbank,3006,03 8644 8644,144.96477,-37.828228
7402,Government,Wyndham Central Secondary College,Secondary,101 Shaws Road,"",Werribee,3030,03 9741 4911,144.65385,-37.88893
7408,Government,Whittlesea Secondary College,Secondary,55 Laurel Street,"",Whittlesea,3757,03 9719 1200,145.12018,-37.515045
7526,Government,Auburn High School,Secondary,26 Burgess Street,"",Hawthorn East,3123,03 9822 3247,145.04507,-37.83988
7550,Government,Balwyn High School,Secondary,Buchanan Avenue,"",Balwyn North,3104,03 9819 7911,145.07677,-37.79786
7560,Government,Bayswater Secondary College,Secondary,14 Orchard Road,"",Bayswater,3153,03 8720 7555,145.262,-37.83903
7566,Government,Beaumaris Secondary College,Secondary,117 - 136 Reserve Road,"",Beaumaris,3193,03 8569 9200,145.03407,-37.978397
7603,Government,Berwick Secondary College,Secondary,Manuka Road,"",Berwick,3806,03 8768 1000,145.36543,-38.0314
7610,Government,Blackburn High School,Secondary,60 Springfield Road,"",Blackburn,3130,03 8804 6464,145.14989,-37.81037
7635,Government,Box Hill High School,Secondary,1180 Whitehorse Road,"",Box Hill,3128,03 9877 1177,145.1372,-37.820004
7645,Government,Braybrook College,Secondary,352 Ballarat Road,"",Braybrook,3019,03 9312 2900,144.84753,-37.778255
7647,Government,Brentwood Secondary College,Secondary,65-71 Watsons Road,"",Glen Waverley,3150,03 8545 0300,145.16634,-37.89951
7650,Government,Brighton Secondary College,Secondary,120 Marriage Road,"",Brighton East,3187,03 9592 7488,145.01912,-37.920155
7670,Government,Buckley Park College,Secondary,59-99 Cooper Street,"",Essendon,3040,03 9331 9999,144.89775,-37.747116
7680,Government,Camberwell High School,Secondary,Prospect Hill Road,"",Canterbury,3126,03 9836 0555,145.07281,-37.83015
7690,Government,Canterbury Girls Secondary College,Secondary,16 Mangarra Road,"",Canterbury,3126,03 9830 5099,145.0691,-37.82029
7720,Government,Cheltenham Secondary College,Secondary,73-75 Bernard Street,"",Cheltenham,3192,03 9555 5955,145.06868,-37.953762
7747,Government,Cranbourne Secondary College,Secondary,Stawell Street,"",Cranbourne,3977,03 5996 3544,145.28613,-38.10759
7748,Government,Cranbourne West Secondary College,Secondary,80 Strathlea Drive,"",Cranbourne West,3977,03 9770 7200,145.2465,-38.10672
7757,Government,Croydon Community School,Secondary,177-181 Mt Dandenong Road,"",Croydon,3136,03 9724 2900,145.27893,-37.798424
7763,Government,Mount Alexander 7-12 College,Secondary,167-175 Mt Alexander Road,"",Flemington,3031,03 9376 1622,144.93323,-37.782154
7773,Government,East Doncaster Secondary College,Secondary,20 George Street,"",Doncaster East,3109,03 9842 2244,145.15855,-37.782127
7776,Government,Doncaster Secondary College,Secondary,123 Church Road,"",Doncaster,3108,03 9848 4677,145.13805,-37.78458
7810,Government,Elwood College,Secondary,101 Glenhuntly Road,"",Elwood,3184,03 9531 9566,144.9852,-37.88232
7813,Government,Epping Secondary College,Secondary,Mcdonalds Road,"",Epping,3076,03 9401 2599,145.03343,-37.644
7823,Government,Fairhills High School,Secondary,330 Scoresby Road,"",Knoxfield,3180,03 9758 5022,145.25903,-37.87321
7842,Government,Footscray High School,Secondary,1 Kinnear Street,"",Footscray,3011,03 9112 9500,144.89377,-37.791042
7850,Government,Frankston High School,Secondary,97 Foot Street,"",Frankston,3199,03 9783 7955,145.1297,-38.162155
7858,Government,Gladstone Park Secondary College,Secondary,14 - 36 Taylor Drive,"",Gladstone Park,3043,03 9933 0500,144.89,-37.689766
7874,Government,Bundoora Secondary College,Secondary,53 Balmoral Avenue,"",Bundoora,3083,03 9467 1511,145.06198,-37.7075
7893,Government,Western Port Secondary College,Secondary,215 High Street,"",Hastings,3915,03 5979 1577,145.17638,-38.30817
7900,Government,Healesville High School,Secondary,10 Camerons Road,"",Healesville,3777,03 5962 4088,145.5308,-37.643585
7918,Government,Highvale Secondary College,Secondary,Capital Avenue,"",Glen Waverley,3150,03 9803 5144,145.17682,-37.86541
7947,Government,Kensington Community High School,Secondary,405 Racecourse Rd,"",Kensington,3031,03 9376 1953,144.92558,-37.78791
7950,Government,Kew High School,Secondary,1393 Burke Road,"",Kew East,3102,03 9092 7500,145.06335,-37.795547
7954,Government,Koonung Secondary College,Secondary,615 Elgar Road,"",Mont Albert North,3129,03 9890 9662,145.11755,-37.80219
7955,Government,Koo Wee Rup Secondary College,Secondary,Rossiter Road,"",Koo Wee Rup,3981,03 5997 1444,145.49577,-38.19709
7985,Government,Lalor Secondary College,Secondary,118 David Street,"",Lalor,3075,03 9463 7300,145.03062,-37.67266
7986,Government,Lalor North Secondary College,Secondary,114 Childs Road,"",Epping,3076,03 9401 3888,145.03412,-37.660767
7995,Government,Lilydale High School,Secondary,25 Melba Avenue,"",Lilydale,3140,03 9735 5644,145.34392,-37.760696
8000,Government,Lyndale Secondary College,Secondary,14 Halton Road,"",Dandenong North,3175,03 9795 2366,145.20671,-37.958763
8003,Government,Lynall Hall Community School,Secondary,Cnr Gleadell & Highett Street,"",Richmond,3121,03 9428 4421,145.00226,-37.81648
8015,Government,Maribyrnong Secondary College,Secondary,Gordon Strret,"",Maribyrnong,3032,03 9091 8100,144.88824,-37.779522
8025,Government,Melbourne High School,Secondary,Forrest Hill,"",South Yarra,3141,03 9826 0711,144.99532,-37.83683
8027,Government,Melton Secondary College,Secondary,Coburns Road,"",Melton,3337,03 9743 3322,144.56822,-37.68175
8030,Government,Mentone Girls Secondary College,Secondary,Cnr Balcombe & Charman Rds,"",Mentone,3194,03 9581 5200,145.0535,-37.980183
8065,Government,Monbulk College,Secondary,146-148 David Hill Road,"",Monbulk,3793,03 9751 9000,145.42781,-37.883175
8068,Government,Montmorency Secondary College,Secondary,Para Road,"",Montmorency,3094,03 9422 1500,145.11362,-37.714073
8071,Government,Mooroolbark College,Secondary,186 Manchester Road,"",Mooroolbark,3138,03 9727 8100,145.31422,-37.77508
8075,Government,Mordialloc College,Secondary,1 Station Street,"",Mordialloc,3195,03 9580 1184,145.09268,-38.01224
8102,Government,Mount Eliza Secondary College,Secondary,204 Canadian Bay Road,"",Mount Eliza,3930,03 9787 6288,145.09354,-38.189705
8105,Government,Mount Waverley Secondary College,Secondary,9 Lechte Road,"",Mount Waverley,3149,03 9803 6811,145.13231,-37.869087
8125,Government,McKinnon Secondary College,Secondary,291a Mckinnon Road,"",Mckinnon,3204,03 8520 9000,145.04854,-37.912205
8135,Government,MacRobertson Girls High School,Secondary,350-370 Kings Way,"",Melbourne,3004,03 9864 7700,144.97186,-37.835884
8180,Government,Northcote High School,Secondary,St Georges Road,"",Northcote,3070,03 9488 2300,144.9897,-37.774155
8185,Government,Norwood Secondary College,Secondary,9 Byron Street,"",Ringwood,3134,03 9871 0400,145.23761,-37.79975
8223,Government,Pakenham Secondary College,Secondary,1020 Princes Highway,"",Pakenham,3810,03 5945 1433,145.47101,-38.068996
8224,Government,Edenbrook Secondary College,Secondary,133 Henry Road,"",Pakenham,3810,03 5943 9200,145.44402,-38.078266
8225,Government,Parkdale Secondary College,Secondary,Warren Road,"",Mordialloc,3195,03 9580 6311,145.0935,-37.9903
8231,Government,Prahran High School,Secondary,138 High Street,"",Windsor,3181,03 9113 1000,144.99117,-37.85175
8241,Government,Preston High School,Secondary,2-16 Cooma Street,"",Preston,3072,03 9055 8400,145.0064,-37.74169
8245,Government,Princes Hill Secondary College,Secondary,Arnold Street,"",Princes Hill,3054,03 9389 0600,144.96503,-37.78348
8246,Government,Homestead Senior Secondary College,Secondary,9 Coaching Parade,"",Point Cook,3030,03 7379 9600,144.76689,-37.91615
8270,Government,Ringwood Secondary College,Secondary,Bedford Road,"",Ringwood,3134,03 9870 2002,145.23915,-37.816605
8271,Government,Richmond High School,Secondary,4 Griffiths Street,"",Richmond,3121,03 8396 6399,145.0028,-37.81741
8290,Government,Rosebud Secondary College,Secondary,245 Eastbourne Road,"",Rosebud,3939,03 5986 8595,144.88745,-38.367615
8303,Government,Saltwater P-9 College,Pri/Sec,15 Kirra Place,"",Point Cook,3030,03 8366 7700,144.77028,-37.91133
8307,Government,Scoresby Secondary College,Secondary,Cavell Street,"",Scoresby,3179,03 9765 4100,145.2362,-37.88864
8330,Government,St Albans Secondary College,Secondary,289 Main Road East,"",St Albans,3021,03 9366 2555,144.80841,-37.745533
8337,Government,Oakwood School,Secondary,319 Balaclava Road,"",Caulfield North,3161,03 9563 5644,145.03418,-37.87398
8345,Government,Strathmore Secondary College,Secondary,400 Pascoe Vale Road,"",Strathmore,3041,03 9379 7999,144.92664,-37.73695
8350,Government,Sunbury College,Secondary,30 Racecourse Road,"",Sunbury,3429,03 9744 1066,144.72867,-37.57428
8383,Government,Thomastown Secondary College,Secondary,80-96 Main Street,"",Thomastown,3074,03 9465 0844,145.00194,-37.678715
8397,Government,Dohertys Creek P-9 College,Pri/Sec,60 Elmhurst Road,"",Truganina,3029,03 8560 6079,144.73392,-37.842976
8405,Government,University High School,Secondary,77 Story Street,"",Parkville,3052,03 9347 2022,144.95538,-37.79698
8407,Government,Roxburgh College,Secondary,60-70 Donald Cameron Drive,"",Roxburgh Park,3064,03 9930 8100,144.93033,-37.63041
8410,Government,Upper Yarra Secondary College,Secondary,81-89 Little Yarra Road,"",Yarra Junction,3797,03 5967 1877,145.62393,-37.792095
8415,Government,Upwey High School,Secondary,1451 Burwood Highway,"",Upwey,3158,03 9754 2838,145.33548,-37.904358
8420,Government,Vermont Secondary College,Secondary,27 - 63 Morack Road,"",Vermont,3133,03 8872 6300,145.1997,-37.844116
8421,Government,Kambrya College,Secondary,68 Bemersyde Drive,"",Berwick,3806,03 9707 7600,145.34741,-38.053688
8423,Government,Carrum Downs Secondary College,Secondary,263 McCormicks Road,"",Carrum Downs,3201,03 9788 9100,145.19766,-38.09529
8428,Government,Wantirna College,Secondary,90 Harold Street,"",Wantirna,3152,03 9801 9700,145.22998,-37.857597
8437,Government,Warrandyte High School,Secondary,241-247 Heidelberg-Warrandyte Rd,"",Warrandyte,3113,03 9844 2749,145.18422,-37.74827
8462,Government,Wellington Secondary College,Secondary,91 Police Road,"",Mulgrave,3170,03 9547 6822,145.16937,-37.934467
8465,Government,Werribee Secondary College,Secondary,45 Duncans Road,"",Werribee,3030,03 9741 1822,144.66875,-37.905537
8470,Government,Westall Secondary College,Secondary,88-128 Rosebank Avenue,"",Clayton South,3169,03 9546 3233,145.13658,-37.94031
8474,Government,Wheelers Hill Secondary College,Secondary,2-28 Raphael Drive,"",Wheelers Hill,3150,03 9561 5811,145.18175,-37.910126
8475,Government,Williamstown High School,Secondary,76 Pasco Street,"",Williamstown,3016,03 9397 1899,144.89502,-37.862854
8704,Government,Glen Eira College,Secondary,76 Booran Road,"",Caulfield East,3145,03 9571 7838,145.03801,-37.8857
8705,Government,Craigieburn Secondary College,Secondary,102 Hothlyn Drive,"",Craigieburn,3064,03 9308 1144,144.93596,-37.60875
8707,Government,Emerald Secondary College,Secondary,425 Belgrave-gembrook Rd,"",Emerald,3782,03 5968 5388,145.45874,-37.92427
8708,Government,Reservoir High School,Secondary,855 Plenty Road,"",Reservoir,3073,03 9466 0900,145.02977,-37.72226
8709,Government,Hampton Park Secondary College,Secondary,58 - 96 Fordholm Road,"",Hampton Park,3976,03 8795 9400,145.25989,-38.034863
8710,Government,Hoppers Crossing Secondary College,Secondary,2 Fraser Street,"",Hoppers Crossing,3029,03 9974 7777,144.69536,-37.871223
8715,Government,Keilor Downs Secondary College,Secondary,100-110 Odessa Avenue,"",Keilor Downs,3038,03 9365 8000,144.81119,-37.715515
8718,Government,Kurunjang Secondary College,Secondary,Kurunjang Drive,"",Melton,3337,03 9743 9211,144.58595,-37.672913
8722,Government,Elisabeth Murdoch College,Secondary,80 Warrandyte Road,"",Langwarrin,3910,03 9788 2600,145.19019,-38.15929
8723,Government,Sunbury Downs Secondary College,Secondary,148-174 Mitchells Lane,"",Sunbury,3429,03 9744 0500,144.70448,-37.584007
8724,Government,Forest Hill College,Secondary,178-180 Mahoneys Road,"",Burwood East,3151,03 9814 9444,145.16373,-37.84852
8725,Government,Patterson River Secondary College,Secondary,78 - 98 Eel Race Road,"",Seaford,3198,03 8770 6700,145.13474,-38.083504
8730,Government,St Helena Secondary College,Secondary,Wallowa Road,"",Eltham North,3095,03 9438 8500,145.13991,-37.686867
8734,Government,Rowville Secondary College,Secondary,17 Paratea Drive,"",Rowville,3178,03 9755 4555,145.23709,-37.923885
8739,Government,Sandringham College,Secondary,11 Holloway Road,"",Sandringham,3191,03 8599 0500,145.02304,-37.95671
8742,Government,Fitzroy High School,Secondary,Falconer Street,"",Fitzroy North,3068,03 9488 1900,144.98747,-37.784912
8743,Government,Ashwood High School,Secondary,50 Vannam Drive,"",Ashwood,3147,03 9807 1333,145.10333,-37.86453
8744,Government,Mullauna Secondary College,Secondary,456 Springfield Road,"",Mitcham,3132,03 9874 3422,145.19016,-37.80711
8747,Government,Blackburn English Language School,Language,120 Eley Road,"",Burwood East,3151,03 9803 4022,145.14828,-37.84789
8748,Government,Collingwood English Language School,Language,19 Cambridge Street,"",Collingwood,3066,03 9419 7633,144.9848,-37.807842
8749,Government,Noble Park English Language School,Language,21-35 Thomas Street,"",Noble Park,3174,03 9546 9578,145.17816,-37.97117
8750,Government,Greensborough Secondary College,Secondary,Nell  Street,"",Greensborough,3088,03 9433 2666,145.09125,-37.708485
8775,Government,Mill Park Secondary College,Secondary,9 - 25 Moorhead Drive,"",Mill Park,3082,03 9407 9700,145.06342,-37.664154
8783,Government,The Grange P-12 College,Pri/Sec,30 Deloraine Drive,"",Hoppers Crossing,3029,03 9748 9166,144.67494,-37.858135
8784,Government,Springside West Secondary College,Secondary,70 City Vista Court,"",Fraser Rise,3336,03 8357 7100,144.72688,-37.715977
8787,Government,Taylors Lakes Secondary College,Secondary,1-39 Parmelia Drive,"",Taylors Lakes,3038,03 9390 3130,144.7944,-37.70741
8790,Government,Sunshine College,Secondary,Lachlan Road,"",Sunshine West,3020,03 8311 5200,144.81383,-37.79316
8797,Government,Thornbury High School,Secondary,238 Collins Street,"",Thornbury,3071,03 9480 4066,145.0252,-37.756496
8799,Government,Copperfield College,Secondary,Goldsmith Avenue,"",Delahey,3037,03 9307 5555,144.77243,-37.719463
8800,Government,Bayside P-12 College,Pri/Sec,29-69 Kororoit Creek Road,"",Williamstown,3016,03 9393 5800,144.88521,-37.8577
8801,Government,South Oakleigh Secondary College,Secondary,Bakers Road,"",Oakleigh South,3167,03 9579 2322,145.08977,-37.92232
8804,Government,Mornington Secondary College,Secondary,1051 Nepean Highway,"",Mornington,3931,03 5970 0200,145.05775,-38.216713
8806,Government,Essendon Keilor College,Secondary,Quinn Grove,"",Keilor East,3033,03 8331 0100,144.8697,-37.739708
8808,Government,Glen Waverley Secondary College,Secondary,13-21 O'Sullivan Road,"",Glen Waverley,3150,03 8805 6700,145.16211,-37.878098
8809,Government,Monterey Secondary College,Secondary,Silvertop Street,"",Frankston North,3200,03 9781 7700,145.14772,-38.126125
8812,Government,Viewbank College,Secondary,1 Warren Road,"",Viewbank,3084,03 9458 2811,145.0866,-37.741196
8813,Government,Noble Park Secondary College,Secondary,3 Callaghan Street,"",Noble Park,3174,03 9546 9066,145.18237,-37.970207
8815,Government,Yarra Hills Secondary College,Secondary,16 Reay Road,"",Mooroolbark,3138,03 9839 8800,145.31618,-37.78934
8816,Government,Heathmont College,Secondary,Waters Grove,"",Heathmont,3135,03 9871 4888,145.2321,-37.838425
8819,Government,Melbourne Girls College,Secondary,Yarra Boulevard,"",Richmond,3121,03 9428 8955,145.01433,-37.822506
8823,Government,Templestowe College,Secondary,7 Cypress Avenue,"",Templestowe Lower,3107,03 9850 6333,145.1223,-37.76743
8835,Government,McClelland Secondary College,Secondary,31 Belar Avenue,"",Frankston,3199,03 9789 4544,145.15845,-38.14632
8838,Government,Western English Language School,Language,46 South Road,"",Braybrook,3019,03 9311 9325,144.85403,-37.790997
8839,Government,Narre Warren South P-12 College,Pri/Sec,Amberly Park Drive,"",Narre Warren South,3805,03 9704 3333,145.28508,-38.049732
8846,Government,The Lakes South Morang College,Pri/Sec,80 Jardier Terrace,"",South Morang,3752,03 9401 3919,145.07568,-37.634933
8847,Government,Point Cook Senior Secondary College,Secondary,Cnr Boardwalk Blvd & Bergamot,"",Point Cook,3030,03 9395 9271,144.73282,-37.88672
8848,Government,Manor Lakes P-12 College,Pri/Sec,2-50 Minindee Road,"",Wyndham Vale,3024,03 9741 4202,144.60185,-37.87351
8853,Government,Mount Ridley P-12 College,Pri/Sec,2-30 Hampton Street,"",Craigieburn,3064,03 8338 3600,144.92319,-37.58031
8854,Government,Tarneit Senior College,Secondary,861 Leakes Road,"",Tarneit,3029,03 9749 0246,144.6804,-37.833355
8856,Government,John Monash Science School,Secondary,39 Innovation Walk,Monash University,Clayton,3800,03 9905 1002,145.1287,-37.914223
8857,Government,Altona College,Pri/Sec,103 A Grieve Parade,"",Altona,3018,03 9250 8050,144.81863,-37.86191
8858,Government,Dandenong High School,Secondary,92-106 Princes Highway,"",Dandenong,3175,03 9792 0561,145.20901,-37.97942
8861,Government,Laverton P-12 College,Pri/Sec,91 Bladin Street,"",Laverton,3028,03 9369 1833,144.77263,-37.856174
8862,Government,Hume Central Secondary College,Secondary,60-78 Tanderrum Way,"",Broadmeadows,3047,03 9066 3600,144.91536,-37.680443
8865,Government,Nossal High School,Secondary,Sir Gustav Nossal Boulevard,"",Berwick,3806,03 8762 4600,145.33656,-38.0385
8866,Government,Suzanne Cory High School,Secondary,225 Hoppers Lane,"",Werribee,3030,03 8734 2800,144.70074,-37.893852
8867,Government,Keysborough Secondary College,Secondary,8-20 Janine Road,"",Springvale South,3172,03 9546 4144,145.15984,-37.96702
8868,Government,Hallam Senior Secondary College,Secondary,74-84 Frawley Road,"",Hallam,3803,03 9703 1266,145.26118,-38.000195
8869,Government,Gleneagles Secondary College,Secondary,58 Reema Boulevard,"",Endeavour Hills,3802,03 9708 1319,145.27655,-37.974606
8870,Government,Fountain Gate Secondary College,Secondary,45 Josephine Avenue,"",Narre Warren,3805,03 8762 6839,145.29538,-38.005283
8874,Government,Alkira Secondary College,Secondary,15 Nurture Avenue,"",Cranbourne North,3977,03 5991 3500,145.30872,-38.073128
8875,Government,Somerville Secondary College,Secondary,37 Graf Road,"",Somerville,3912,03 5973 1000,145.1686,-38.227257
8881,Government,Tarneit Rise Primary School,Primary,51-71 Hummingbird Boulevard,"",Tarneit,3029,03 7002 6580,144.66582,-37.83618
8889,Government,Albert Park College,Secondary,83 Danks Street,"",Albert Park,3206,03 8695 9000,144.94736,-37.84479
8890,Government,Charles La Trobe P-12 College,Pri/Sec,235 Kingsbury Drive,"",Macleod West,3085,03 9223 1400,145.05865,-37.728966
8891,Government,Victoria University Secondary College,Secondary,5A Jamieson Street,"",St Albans,3021,03 8312 0200,144.78563,-37.7401
8895,Government,William Ruthven Secondary College,Secondary,60 Merrilands Road,"",Reservoir,3073,03 9462 2177,145.00278,-37.696667
8897,Government,Mernda Central P-12 College,Pri/Sec,70 Breadalbane Avenue,"",Mernda,3754,03 8776 9600,145.08833,-37.604855
8898,Government,Cranbourne East Secondary College,Secondary,50 Stately Drive,"",Cranbourne East,3977,03 5990 0200,145.30603,-38.10494
8899,Government,Featherbrook P-9 College,Pri/Sec,281 Boardwalk Boulevard,"",Point Cook,3030,03 8366 7500,144.72752,-37.901638
8905,Government,Doveton College,Pri/Sec,62 Tristania Street,"",Doveton,3177,03 8765 0111,145.24318,-37.98945
8907,Government,Officer Secondary College,Secondary,1 Parker Street,"",Officer,3809,03 5942 4000,145.41096,-38.072014
8908,Government,Brookside P-9 College,Pri/Sec,13 -16 Federation Way,"",Caroline Springs,3023,03 7379 1555,144.73723,-37.746338
8909,Government,Creekside K-9 College,Pri/Sec,9 The Crossing,"",Caroline Springs,3023,03 8363 6400,144.73804,-37.73445
8910,Government,Lakeview Senior College,Secondary,College Street,"",Caroline Springs,3023,03 9219 3100,144.74028,-37.731014
8911,Government,Springside Primary School,Primary,22-50 Becca Way,"",Caroline Springs,3023,03 9449 6400,144.73868,-37.711178
8912,Government,Melba Secondary College,Secondary,20 Brentnall Road,"",Croydon,3136,03 9870 4551,145.26201,-37.795525
8913,Government,Boronia K-12 College,Pri/Sec,35-37 Albert Avenue,"",Boronia,3155,03 9760 4900,145.29327,-37.8583
8914,Government,Tarneit P-9 College,Pri/Sec,21-23 Brinbrook Street,"",Tarneit,3029,03 9749 0506,144.67981,-37.837452
8916,Government,Parkville College,Special,900-930 Park Street,"",Parkville,3052,03 5421 3100,144.94736,-37.776814
1,Independent,Wesley College,Pri/Sec,577 St Kilda Road,"",MELBOURNE,3004,03 8102 6100,144.98215,-37.84883
5,Independent,Korowa Anglican Girls' School,Pri/Sec,10 - 16 Ranfurlie Crescent,"",GLEN IRIS,3146,03 9811 0200,145.05464,-37.861454
20,Catholic,Parade College,Secondary,1436 Plenty Road,"",BUNDOORA,3083,03 9468 3300,145.06697,-37.690178
25,Catholic,Simonds Catholic College,Secondary,273 Victoria Street,"",WEST MELBOURNE,3003,03 9321 9200,144.95288,-37.80597
26,Catholic,St Marys College Melbourne,Secondary,11 Westbury Street,"",ST KILDA EAST,3183,03 9529 6611,144.997,-37.859364
77,Catholic,Sacred Heart School,Primary,20 Newcastle Street,"",NEWPORT,3015,03 9391 6262,144.8814,-37.840027
78,Catholic,St Mary's School,Primary,118 Cecil Street,"",WILLIAMSTOWN,3016,03 9397 7926,144.9009,-37.8635
83,Independent,Ruyton Girls' School,Pri/Sec,12 Selbourne Road,"",KEW,3101,03 9819 2422,145.03918,-37.81111
96,Independent,Caulfield Grammar School,Pri/Sec,217 Glen Eira Road,"",ST KILDA EAST,3183,03 9524 6300,145.00488,-37.877377
98,Catholic,St Michael's School,Primary,8-14 Brougham Street,"",MELBOURNE NORTH,3051,03 9329 9206,144.94624,-37.793304
106,Catholic,Presentation College Windsor,Secondary,187 Dandenong Road,"",WINDSOR,3181,03 8517 2777,144.99472,-37.857643
107,Catholic,St Mary's School,Primary,214 Dandenong Road,"",ST KILDA EAST,3183,03 9510 7420,144.99759,-37.85902
113,Catholic,St Brendan's School,Primary,103 Wellington Street,"",FLEMINGTON,3031,03 9376 0249,144.93173,-37.784695
148,Catholic,St Joseph's School,Primary,571 Glenferrie Road,"",HAWTHORN,3122,03 9818 7570,145.03432,-37.82646
149,Catholic,Sacre Coeur,Pri/Sec,172 Burke Road,"",GLEN IRIS,3146,03 9835 2700,145.05157,-37.86175
151,Catholic,St Joseph's School,Primary,39 James Street,"",NORTHCOTE,3070,03 9481 7166,144.99672,-37.77462
152,Catholic,Sacred Heart School,Primary,1 Clifton Grove,"",PRESTON,3072,03 9487 1001,145.00377,-37.74481
250,Catholic,Star of the Sea College,Secondary,80 Martin Street,"",BRIGHTON,3186,03 9596 6099,144.99678,-37.896732
251,Catholic,St James' School,Primary,6 St James Close,"",BRIGHTON,3186,03 9596 4766,144.99765,-37.897945
252,Catholic,St Peter's School,Primary,842 Centre Road,"",BENTLEIGH EAST,3165,03 9579 5068,145.0709,-37.923042
259,Independent,Methodist Ladies' College,Pri/Sec,207 Barkers Road,"",KEW,3101,03 9274 6333,145.0385,-37.81395
330,Independent,Christ Church Grammar School,Primary,677 Punt Road,"",SOUTH YARRA,3141,03 9866 3540,144.98573,-37.83895
338,Catholic,St Andrew's School,Primary,110 Greaves Street North,"",WERRIBEE,3030,03 9741 3686,144.65057,-37.90127
355,Catholic,Our Lady of Mount Carmel School,Primary,53 Macedon Street,"",SUNBURY,3429,03 9740 7344,144.7363,-37.58004
385,Independent,Fintona Girls' School,Pri/Sec,79 Balwyn Road,"",BALWYN,3103,03 9830 1388,145.08032,-37.81516
386,Catholic,St Patrick's School,Primary,136 Princes Highway,"",PAKENHAM,3810,03 5940 2888,145.47453,-38.069386
391,Independent,Lauriston Girls' School,Pri/Sec,38 Huntingtower Road,"",ARMADALE,3143,03 9864 7555,145.02509,-37.852318
404,Catholic,Xavier College,Pri/Sec,135 Barkers Road,"",KEW,3101,03 9854 5411,145.0311,-37.813858
457,Independent,Trinity Grammar School Kew,Pri/Sec,40 Charles Street,"",KEW,3101,03 9854 3600,145.0355,-37.810204
467,Catholic,Academy of Mary Immaculate,Secondary,88 Nicholson Street,"",FITZROY,3065,03 9412 7100,144.97441,-37.80371
468,Catholic,Sacred Heart School,Primary,107 King William Street,"",FITZROY,3065,03 9419 3528,144.97853,-37.802048
474,Catholic,Mount Lilydale Mercy College,Secondary,120 Anderson Street,"",LILYDALE,3140,03 9735 4022,145.35776,-37.75076
477,Catholic,St Monica's School,Primary,2 Wingfield Street,"",FOOTSCRAY,3011,03 9689 4548,144.90683,-37.801163
478,Catholic,St Augustine's School,Primary,65 Somerville Road,"",YARRAVILLE,3013,03 9314 5996,144.8899,-37.813705
500,Catholic,Kilbreda College,Secondary,118 Mentone Parade,"",MENTONE,3194,03 9581 7766,145.06572,-37.984154
501,Catholic,Padua College,Secondary,62 Oakbank Road,"",MORNINGTON,3931,03 5976 0100,145.072,-38.218258
509,Independent,Melbourne Girls Grammar,Pri/Sec,86 Anderson Street,"",SOUTH YARRA,3141,03 9862 9200,144.9848,-37.83169
524,Catholic,St John's School,Primary,77 Queens Parade,"",CLIFTON HILL,3068,03 9489 1346,144.98822,-37.79034
554,Independent,Presbyterian Ladies' College,Pri/Sec,141 Burwood Highway,"",BURWOOD,3125,03 9808 5811,145.107,-37.84856
566,Catholic,St Monica's Primary School,Primary,20 Robinson Street,"",MOONEE PONDS,3039,03 9375 1132,144.92319,-37.759666
567,Catholic,St Patrick's School,Primary,40 Jones Street,"",LILYDALE,3140,03 9735 4388,145.35262,-37.752735
579,Catholic,St Joseph's School,Primary,46 Otter Street,"",COLLINGWOOD,3066,03 9419 4918,144.98639,-37.80046
590,Catholic,Sacred Heart School,Primary,116 Cotham Road,"",KEW,3101,03 9853 5859,145.03745,-37.80817
605,Catholic,St Aloysius College,Secondary,31 Curran Street,"",NORTH MELBOURNE,3051,03 9325 9200,144.94287,-37.792892
653,Catholic,Our Holy Redeemer School,Primary,311 Mont Albert Road,"",SURREY HILLS,3127,03 9898 2315,145.10008,-37.82032
707,Catholic,St Columba's College,Secondary,2 Leslie Road,"",ESSENDON,3040,03 9337 5311,144.91429,-37.757202
733,Catholic,Genazzano FCJ College,Pri/Sec,301 Cotham Road,"",KEW,3101,03 8862 1000,145.05579,-37.80897
818,Independent,St Michael's Grammar School,Pri/Sec,25 - 27 Chapel Street,"",ST KILDA,3182,03 8530 3200,144.99155,-37.85955
836,Catholic,St Patrick's School,Primary,16 Childers Street,"",MENTONE,3194,03 9583 5033,145.07016,-37.98357
879,Independent,Firbank Grammar School,Pri/Sec,51 Outer Crescent,"",BRIGHTON,3186,03 9591 5188,144.99693,-37.906116
909,Catholic,St John's School,Primary,55 Cape Street,"",HEIDELBERG,3084,03 9459 2963,145.06654,-37.75764
914,Catholic,Our Lady of Mercy College,Secondary,52 Cape Street,"",HEIDELBERG,3084,03 9459 2511,145.06758,-37.75793
923,Catholic,St Brigid's School,Primary,129 Albert Street,"",MORDIALLOC,3195,03 9580 4518,145.09178,-38.00804
932,Catholic,St Anthony's School,Primary,172 Neerim Road,"",GLEN HUNTLY,3163,03 9563 6780,145.0471,-37.886894
935,Catholic,St Mary's School,Primary,20-24 New Street,"",DANDENONG,3175,03 9791 7650,145.22084,-37.99067
937,Catholic,Sacred Heart School,Primary,11 Fernhill Road Nth,"",SANDRINGHAM,3191,03 9598 9322,145.00854,-37.951477
954,Catholic,St Mary's School,Primary,74 Roseberry Street,"",ASCOT VALE,3032,03 9370 1194,144.91127,-37.773834
956,Catholic,De La Salle College,Pri/Sec,1318 High Street,"",MALVERN,3144,03 9508 2100,145.03218,-37.857677
1003,Independent,Westbourne Grammar School,Primary,67 The Strand,"",NEWPORT,3015,03 9731 9555,144.89493,-37.85019
1004,Independent,Ivanhoe Grammar School,Pri/Sec,The Ridgeway,"",IVANHOE,3079,03 9490 1877,145.04448,-37.772514
1013,Catholic,St Brigid's School,Primary,1 High Street,"",HEALESVILLE,3777,03 5962 4200,145.5158,-37.65868
1015,Catholic,St James School,Primary,60 Nar Nar Goon Road,"",NAR NAR GOON,3812,03 5942 5404,145.57318,-38.073032
1021,Independent,Scotch College,Pri/Sec,1 Morrison Street,"",HAWTHORN,3122,03 9810 4321,145.03229,-37.833923
1024,Catholic,St Mary's School,Primary,91 Manning Road,"",MALVERN EAST,3145,03 9571 1358,145.05292,-37.873016
1025,Independent,St Leonard's College,Pri/Sec,163 South Rd,"",BRIGHTON EAST,3187,03 9909 9300,145.00755,-37.92863
1033,Catholic,Holy Rosary School,Primary,37 Gower Street,"",KENSINGTON,3031,03 9376 9455,144.92879,-37.795586
1041,Catholic,St Anthony's School,Primary,52 Austin Street,"",ALPHINGTON,3078,03 9489 7936,145.02036,-37.780067
1045,Catholic,St Joseph's School,Primary,49 Stanhope Street,"",MALVERN,3144,03 9509 3092,145.03116,-37.85807
1070,Catholic,St Columba's School,Primary,24 Glenhuntly Road,"",ELWOOD,3184,03 9531 6560,144.98112,-37.88253
1080,Independent,Tintern Grammar,Pri/Sec,90 Alexandra Road,"",RINGWOOD EAST,3135,03 9845 7777,145.25668,-37.815514
1086,Independent,Toorak College,Pri/Sec,73 Old Mornington Road,"",MT ELIZA,3930,03 9788 7200,145.09346,-38.172264
1097,Catholic,St Mary's School,Primary,69 Marine Parade,"",HASTINGS,3915,03 5979 1959,145.1917,-38.30344
1101,Catholic,Our Lady of the Immaculate Conception School,Primary,32 Station Place,"",SUNSHINE,3020,03 9312 2230,144.83556,-37.78945
1108,Catholic,St Mary's School,Primary,2 Mansfield Street,"",THORNBURY,3071,03 9484 5333,145.00166,-37.75684
1116,Independent,St Catherine's School,Pri/Sec,17 Heyington Place,"",TOORAK,3142,03 9822 1285,145.02127,-37.838295
1117,Independent,Lowther Hall Anglican Grammar School,Pri/Sec,17 Leslie Road,"",ESSENDON,3040,03 9325 5000,144.91498,-37.759907
1134,Catholic,St Joan of Arc School,Primary,30 Dendy Street,"",BRIGHTON,3186,03 9592 3840,144.99416,-37.92011
1144,Independent,Penleigh & Essendon Grammar School,Pri/Sec,163 Rachelle Road,"",KEILOR EAST,3033,03 9016 2000,144.87033,-37.732155
1146,Catholic,St John's School,Primary,34 Essex Street,"",FOOTSCRAY,3011,03 9687 3150,144.88522,-37.795826
1163,Independent,Shelford Girls' Grammar,Pri/Sec,3 Hood Crescent,"",CAULFIELD,3161,03 9524 7333,145.01132,-37.877907
1164,Catholic,Mary Immaculate School,Primary,9 Rockbeare Grove,"",IVANHOE,3079,03 9497 1827,145.03876,-37.771942
1176,Catholic,Our Lady of Lourdes School,Primary,7 Wynnstay Road,"",PRAHRAN EAST,3181,03 9510 6688,145.00946,-37.852455
1183,Independent,Mentone Grammar School,Pri/Sec,63 Venice Street,"",MENTONE,3194,03 9584 4211,145.06813,-37.987686
1187,Independent,Ivanhoe Girls' Grammar School,Pri/Sec,123 Marshall St,"",IVANHOE,3079,03 9490 6222,145.04672,-37.765274
1189,Independent,Carey Baptist Grammar School,Pri/Sec,349 Barkers Road,"",KEW,3101,03 9816 1222,145.04782,-37.814785
1190,Independent,Kilvington Grammar School,Pri/Sec,2 Leila Road,"",ORMOND,3204,03 9578 6231,145.04121,-37.89952
1191,Independent,Haileybury College,Pri/Sec,855 Springvale Rd,"",KEYSBOROUGH,3173,03 9213 2222,145.14642,-37.99598
1193,Catholic,St Therese's School,Primary,25-31 Edward Street,"",ESSENDON,3040,03 9374 6100,144.91031,-37.75111
1206,Catholic,Our Lady of Good Counsel School,Primary,12 Whitehorse Rd,"",DEEPDENE,3103,03 9817 5744,145.06279,-37.81108
1209,Independent,Strathcona Baptist Girls' Grammar,Pri/Sec,34 Scott Street,"",CANTERBURY,3126,03 8779 7500,145.08037,-37.829178
1212,Catholic,St Kevin's School,Primary,Glen Orme Avenue,"",ORMOND,3204,03 9578 1182,145.0388,-37.9044
1213,Independent,Mentone Girls' Grammar School,Pri/Sec,11 Mentone Parade,"",MENTONE,3194,03 9581 1200,145.06346,-37.989376
1217,Catholic,St Joseph's School,Primary,362 Station Street,"",CHELSEA,3196,03 8773 1111,145.11859,-38.055435
1221,Catholic,St Finbar's School,Primary,90 Centre Road,"",BRIGHTON EAST,3187,03 9592 4479,145.01747,-37.916283
1226,Catholic,Loreto Mandeville Hall,Pri/Sec,10 Mandeville Crescent,"",TOORAK,3142,03 9823 8100,145.0149,-37.848194
1229,Catholic,St Dominic's School,Primary,145 Highfield Road,"",CAMBERWELL EAST,3124,03 9836 8300,145.08383,-37.838917
1231,Catholic,St Mary's School,Primary,59 Holyrood Street,"",HAMPTON,3188,03 9521 9335,145.0009,-37.933052
1258,Independent,Camberwell Grammar School,Pri/Sec,55 Mont Albert Road,"",CANTERBURY,3126,03 9835 1777,145.0664,-37.816093
1260,Catholic,St Joseph's School,Primary,17 Martin Street,"",CRIB POINT,3919,03 5983 9374,145.2028,-38.361465
1262,Independent,Brighton Grammar School,Pri/Sec,90 Outer Crescent,"",BRIGHTON,3186,03 8591 2200,144.99353,-37.911106
1272,Catholic,St Francis Xavier's School,Primary,1087 Whitehorse Road,"",BOX HILL,3128,03 9890 1108,145.1315,-37.818493
1273,Catholic,St Mary's School,Primary,95A Railway Street,"",ALTONA,3018,03 9398 4842,144.82837,-37.866657
1280,Catholic,St Francis Xavier School,Primary,8 Park Street,"",FRANKSTON,3199,03 9783 3424,145.1262,-38.1488
1287,Catholic,Our Lady of Sion College,Secondary,1065 Whitehorse Road,"",BOX HILL,3128,03 9890 9097,145.12991,-37.818348
1289,Catholic,St Gabriel's School,Primary,237 Spring Street,"",RESERVOIR,3073,03 9469 3513,145.00513,-37.718018
1291,Catholic,St Paul's School,Primary,122 Jasper Road,"",BENTLEIGH,3204,03 9557 7130,145.04147,-37.922825
1292,Catholic,St Joseph's School,Primary,544 Balcombe Road,"",BLACK ROCK,3193,03 9589 4685,145.02316,-37.975914
1299,Catholic,Salesian College,Secondary,1 Macedon Street,1 Macedon Street,SUNBURY,3429,03 9744 0000,144.73903,-37.572643
1304,Independent,Kingswood College,Pri/Sec,355 Station Street,"",BOX HILL,3128,03 9896 1700,145.11862,-37.832775
1310,Catholic,St Patrick's School,Primary,3 Dalny Road,"",MURRUMBEENA,3163,03 9569 7487,145.06526,-37.901775
1311,Catholic,St Roch's School,Primary,Glenvale Road,"",GLEN IRIS,3146,03 9885 7704,145.0523,-37.857365
1316,Independent,St Margaret's School,Pri/Sec,27-47 Gloucester Ave,"",BERWICK,3806,03 9703 8111,145.34654,-38.035347
1322,Independent,Camberwell Girls Grammar School,Pri/Sec,2 Torrington Street,"",CANTERBURY,3126,03 9813 1166,145.05971,-37.81821
1328,Catholic,St Anne's School,Primary,7-19 Beresford Street,"",KEW EAST,3102,03 9859 4116,145.04982,-37.79538
1342,Catholic,Our Lady of Perpetual Help School,Primary,2 Wilana Street,"",RINGWOOD,3134,03 9870 7227,145.23218,-37.81642
1343,Catholic,St Francis Xavier's School,Primary,90 Mayona Road,"",MONTMORENCY,3094,03 9435 8474,145.12656,-37.716007
1347,Catholic,St Joseph's School,Primary,Constitution Hill Road,"",SORRENTO,3943,03 5984 1291,144.7418,-38.340473
1354,Catholic,St Cecilia's School,Primary,4 Van Ness Avenue,"",GLEN IRIS,3146,03 9809 2142,145.0646,-37.850094
1368,Catholic,St Joseph's School,Primary,28 Sandham Street,"",ELSTERNWICK,3185,03 9528 1614,145.00528,-37.88251
1377,Independent,"Preshil, The Margaret Lyttle Memorial School",Pri/Sec,395 Barkers Road,"",KEW,3101,03 9817 6135,145.05222,-37.815933
1383,Catholic,St Peter's School,Primary,32 Wedge Street,"",EPPING,3076,03 9401 1157,145.02754,-37.650543
1386,Catholic,Santa Maria College,Secondary,50 Separation Street,"",NORTHCOTE,3070,03 9488 1600,145.00249,-37.770355
1393,Catholic,Sacred Heart School,Primary,2 Mora Avenue,"",OAKLEIGH,3166,03 8574 4500,145.08691,-37.901836
1406,Catholic,St John the Baptist School,Primary,17 Forest Road,"",FERNTREE GULLY,3156,03 9758 1013,145.29518,-37.887383
1407,Catholic,St John's School,Primary,490 Whitehorse Road,"",MITCHAM,3132,03 9874 1575,145.1904,-37.817444
1412,Catholic,St Raphael's School,Primary,Cooper Street,"",PRESTON WEST,3072,03 9478 8374,144.99263,-37.734097
1415,Catholic,St Kevin's College,Pri/Sec,31 Moonga Road,"",TOORAK,3142,03 9822 0911,145.0247,-37.835396
1416,Catholic,St John the Baptist's School,Primary,Station Street,"",KOO WEE RUP,3981,03 5997 1653,145.48528,-38.197464
1422,Catholic,St Vincent de Paul's School,Primary,92 - 114 Woodland Street,"",STRATHMORE,3041,03 9379 5723,144.92413,-37.74214
1429,Catholic,St Joseph's School,Primary,33 St John's Avenue,"",SPRINGVALE,3171,03 9546 8223,145.15034,-37.953228
1431,Catholic,St Bede's College,Secondary,2 Mentone Parade,"",MENTONE,3194,03 9582 5999,145.0682,-37.99116
1438,Catholic,Holy Name School,Primary,12 Robb Street,"",PRESTON EAST,3073,03 9471 0883,145.01857,-37.730263
1445,Catholic,Siena College Ltd,Secondary,815 Riversdale Road,"",CAMBERWELL,3124,03 9835 0200,145.08258,-37.83366
1461,Catholic,St Benedict's School,Primary,3-9 Central Avenue,"",BURWOOD,3125,03 9808 8551,145.0974,-37.849495
1466,Catholic,Corpus Christi School,Primary,380 Geelong Road,"",KINGSVILLE,3012,03 9314 7303,144.87291,-37.808533
1471,Catholic,St Bernard's College,Secondary,41 Rosehill Road,"",ESSENDON,3040,03 9289 1000,144.8832,-37.749393
1473,Catholic,Whitefriars College Inc,Secondary,156 Park Road,"",DONVALE,3111,03 9872 8200,145.19954,-37.7918
1477,Catholic,St Michael's School,Primary,268 High Street,"",ASHBURTON,3147,03 9885 3105,145.08249,-37.86413
1481,Catholic,Our Lady of the Sacred Heart College,Secondary,111 Jasper Road,"",BENTLEIGH,3204,03 8520 9200,145.03995,-37.925724
1482,Catholic,St Bede's School,Primary,2 Marwal Avenue,"",BALWYN NORTH,3104,03 8851 4651,145.0709,-37.79352
1485,Catholic,Salesian College,Secondary,10 Bosco Street,"",CHADSTONE,3148,03 9807 2644,145.10025,-37.882736
1490,Independent,Mount Scopus Memorial College,Pri/Sec,245 Burwood Highway,"",BURWOOD,3125,03 9834 0000,145.11777,-37.847218
1495,Catholic,Marcellin College,Secondary,160 Bulleen Road,"",BULLEEN,3105,03 9851 1589,145.08267,-37.77478
1499,Catholic,St Theresa's School,Primary,16 Drummartin Street,"",ALBION,3020,03 9311 9070,144.82019,-37.782192
1500,Catholic,St Bernadette's School,Primary,53 Stanley Street,"",IVANHOE WEST,3079,03 9499 3914,145.03412,-37.76306
1503,Catholic,St Agnes' School,Primary,Peterson Street,"",HIGHETT,3190,03 9532 0344,145.03183,-37.946095
1505,Catholic,Our Lady of the Assumption School,Primary,9 Centre Dandenong Road,"",CHELTENHAM,3192,03 9584 9488,145.05971,-37.965504
1508,Independent,Nunawading Christian College-Primary,Primary,Laughlin Ave,"",NUNAWADING,3131,03 9878 9927,145.17004,-37.82192
1509,Catholic,Sacred Heart School,Primary,50 Monastery Drive,35 Wicklow Avenue,CROYDON,3136,03 9724 4333,145.2728,-37.79749
1511,Independent,Heritage College,Pri/Sec,333 Centre Road,"",NARRE WARREN SOUTH,3805,03 9796 0100,145.31651,-38.050217
1513,Catholic,Resurrection House,Primary,6 Aberfeldie Street,"",ESSENDON,3040,03 9337 0084,144.9052,-37.75665
1515,Independent,Adass Israel School,Pri/Sec,10-12 King Street,"",ELSTERNWICK,3185,03 9523 6422,145.00821,-37.8839
1516,Catholic,Holy Spirit School,Primary,197 Clarendon Street,"",THORNBURY EAST,3071,03 9480 0391,145.01619,-37.760845
1521,Catholic,Sacred Heart School,Primary,2-4 Winifred Street,"",ST ALBANS,3021,03 9366 0266,144.80005,-37.73769
1522,Catholic,St Thomas The Apostle School,Primary,67 Central Road,"",BLACKBURN,3130,03 9878 8268,145.15744,-37.823246
1526,Catholic,St Pius X School,Primary,431 Waterdale Road,"",HEIDELBERG WEST,3081,03 9457 3776,145.0463,-37.746925
1527,Catholic,St Margaret Mary's School,Primary,181 Hudsons Road,"",SPOTSWOOD,3015,03 9391 3118,144.87773,-37.829082
1529,Catholic,St Mary Magdalen's Parish Primary School,Primary,15 Bambil Street,"",CHADSTONE,3148,03 9807 0315,145.1012,-37.879776
1530,Catholic,St Anthony's School,Primary,90 Buckley Street,"",NOBLE PARK,3174,03 9546 0044,145.17242,-37.97171
1531,Catholic,St Peter's School,Primary,16 Mary Street,"",CLAYTON,3168,03 9544 3032,145.12186,-37.92314
1533,Independent,Yeshivah College,Pri/Sec,88 Hotham Street,"",ST KILDA EAST,3183,03 9522 8222,145.00034,-37.868122
1534,Catholic,St John Bosco's School,Primary,6 Teague Street,"",NIDDRIE,3042,03 9337 2314,144.88902,-37.743656
1539,Catholic,St Mary's School,Primary,210 Grimshaw Street,"",GREENSBOROUGH,3088,03 9433 4000,145.09264,-37.70285
1541,Catholic,Mother of God School,Primary,67 Blanche Street,"",ARDEER,3022,03 9363 1734,144.80081,-37.779415
1542,Catholic,St Peter Chanel School,Primary,848 Ballarat Road,"",DEER PARK,3023,03 9363 1586,144.76927,-37.768524
1543,Catholic,Christ the King Primary School,Primary,28 Riley Court,"",BRAYBROOK,3019,03 9311 7387,144.86195,-37.78761
1547,Catholic,Killester College,Secondary,433 Springvale Road,"",SPRINGVALE,3171,03 9547 5000,145.15202,-37.959072
1549,Catholic,St Paul's School,Primary,Links Street,"",SUNSHINE WEST,3020,03 9363 1568,144.80751,-37.787533
1554,Catholic,Stella Maris School,Primary,113 Oak Street,"",BEAUMARIS,3193,03 9589 2641,145.04105,-37.981987
1556,Catholic,St Bernadette's School,Primary,2 Willey Street,"",SUNSHINE NORTH,3020,03 9311 8872,144.83528,-37.771156
1559,Independent,Rossbourne School,Special,131 Power Street,"",HAWTHORN,3122,03 9819 4611,145.02655,-37.82304
1561,Independent,Beth Rivkah Ladies College,Pri/Sec,14-20 Balaclava Road,"",ST KILDA EAST,3183,03 9522 8242,145.00084,-37.86928
1563,Catholic,St Margaret's Primary School,Primary,67 The Esplanade,"",MARIBYRNONG,3032,03 9318 1339,144.89104,-37.766895
1565,Catholic,Holy Family School,Primary,250 Stephensons Road,"",MOUNT WAVERLEY,3149,03 9807 3300,145.12964,-37.874256
1566,Catholic,St Gerard's School,Primary,71 Gladstone Road,"",DANDENONG NORTH,3175,03 9791 7553,145.20583,-37.97133
1569,Catholic,Our Lady of Perpetual Succour School,Primary,31 Erasmus Street,"",SURREY HILLS,3127,03 9898 7655,145.11139,-37.830055
1570,Catholic,St Catherine's School,Primary,14-28 Fletcher Street,"",MOORABBIN,3189,03 9555 7200,145.05217,-37.938225
1571,Catholic,Sacred Heart Girls' College,Secondary,113 Warrigal Road,"",HUGHESDALE,3166,03 9568 5488,145.08609,-37.902164
1579,Catholic,St Joseph's School,Primary,40 Milners Road,"",YARRA JUNCTION,3797,03 5967 1183,145.61682,-37.79217
1580,Catholic,St Stephen's School,Primary,71 Whitelaw Street,"",RESERVOIR EAST,3073,03 9460 3566,145.0192,-37.711567
1582,Catholic,St Martin of Tours School,Primary,2-12 Silk Street,"",ROSANNA,3084,03 8458 7500,145.07698,-37.735184
1584,Catholic,Christ Our Holy Redeemer School,Primary,43 Ferntree Gully Road,"",OAKLEIGH EAST,3166,03 9569 8966,145.10576,-37.896156
1585,Catholic,Our Lady of the Nativity School,Primary,29 Fawkner Street,"",ABERFELDIE,3040,03 9337 4204,144.89658,-37.756348
1588,Catholic,St John's Regional College,Secondary,5-11 Caroline Street,"",DANDENONG,3175,03 9791 3366,145.22626,-37.99023
1592,Catholic,Emmaus College,Secondary,503 Springvale Road,"",VERMONT SOUTH,3133,03 9845 3211,145.1741,-37.84779
1593,Catholic,St Dominic's School,Primary,408 Camp Road,"",BROADMEADOWS,3047,03 9309 4146,144.9237,-37.685055
1595,Catholic,St Bridget's School,Primary,36 Sweyn Street,"",BALWYN NORTH,3104,03 9857 6394,145.10326,-37.795925
1596,Catholic,St Leonard's School,Primary,349 Springvale Road,"",GLEN WAVERLEY,3150,03 9560 8491,145.1639,-37.886803
1598,Catholic,St Scholastica's School,Primary,4-8 Starling Street,"",BENNETTSWOOD,3125,03 9808 7279,145.12592,-37.851646
1600,Catholic,St Christopher's School,Primary,2-16 Doon Avenue,"",GLEN WAVERLEY,3150,03 9803 0011,145.15019,-37.871098
1602,Catholic,St John Vianney's School,Primary,Brisbane Terrace,"",PARKDALE EAST,3195,03 9580 5812,145.09248,-37.99047
1604,Catholic,Ss Peter & Paul's School,Primary,16 Beverley Street,"",DONCASTER EAST,3109,03 9842 2056,145.1534,-37.79055
1607,Catholic,Holy Family School,Primary,100 Power Road,"",DOVETON,3177,03 9791 1853,145.23863,-37.990498
1608,Catholic,Aquinas College,Secondary,46 Great Ryrie Street,"",RINGWOOD,3134,03 9259 3000,145.23494,-37.82306
1609,Independent,Leibler Yavneh College,Pri/Sec,2 Nagle Avenue,"",ELSTERNWICK,3185,03 9528 4911,145.00662,-37.89287
1610,Independent,Peninsula Grammar,Pri/Sec,20 Wooralla Drive,"",MT ELIZA,3930,03 9788 7777,145.0907,-38.198174
1613,Catholic,St John Vianney's School,Primary,23 Police Road,"",MULGRAVE,3170,03 9546 4161,145.15956,-37.932716
1615,Catholic,St Luke's School,Primary,1A David Street,"",LALOR,3075,03 9465 2099,145.01883,-37.672375
1618,Catholic,St Thomas More's School,Primary,Reynold's Lane,"",BELGRAVE,3160,03 9754 4444,145.35268,-37.908413
1620,Catholic,St Christopher's School,Primary,34 Roberts Road,"",AIRPORT WEST,3042,03 9338 3591,144.88025,-37.72501
1624,Catholic,St Michael's School,Primary,16 Scanlan Street,"",BERWICK,3806,03 9707 1600,145.35358,-38.033825
1625,Catholic,Ave Maria College,Secondary,14-22 Vida Street,"",ABERFELDIE,3040,03 9331 9300,144.89796,-37.75662
1626,Independent,Bialik College,Pri/Sec,429 Auburn Road,"",HAWTHORN EAST,3122,03 9822 7981,145.04337,-37.84227
1627,Catholic,Our Lady of the Way School,Primary,11-13 Green Avenue,"",KINGSBURY,3083,03 9460 6684,145.03552,-37.71526
1628,Catholic,St Luke the Evangelist School,Primary,46 Orchard Grove,"",BLACKBURN SOUTH,3130,03 9877 4023,145.14671,-37.835552
1633,Independent,Luther College,Secondary,Plymouth Rd,"",CROYDON HILLS,3136,03 9724 2000,145.2729,-37.782963
1634,Catholic,Marian College,Secondary,196 Glengala Road,"",SUNSHINE WEST,3020,03 9363 1711,144.80612,-37.78773
1635,Catholic,Mount St Joseph Girls' College,Secondary,133 Maidstone Street,"",ALTONA,3018,03 8398 2000,144.81168,-37.863903
1640,Catholic,St Clement of Rome School,Primary,9 Egan Drive,"",BULLEEN,3105,03 9850 1216,145.09033,-37.767296
1641,Catholic,St Joseph's Primary School,Primary,212 Boronia Road,"",BORONIA,3155,03 9762 3275,145.27481,-37.862705
1644,Catholic,Mater Christi College,Secondary,28 Bayview Road,"",BELGRAVE,3160,03 9754 6611,145.35889,-37.910637
1645,Catholic,Our Lady of Lourdes School,Primary,23 Orange Grove,"",BAYSWATER,3153,03 9729 3411,145.26576,-37.848984
1646,Catholic,St Joseph's College,Secondary,5 Brenock Park Drive,"",FERNTREE GULLY,3156,03 9758 2000,145.29509,-37.89049
1647,Independent,St Paul's College Balwyn,Special,3 Brenbeal Street,"",BALWYN,3101,03 8595 2470,145.08685,-37.81235
1648,Catholic,Annunciation School,Primary,4-14 Nolan Avenue,"",BROOKLYN,3012,03 9314 6271,144.84796,-37.820988
1649,Catholic,St Louis de Montfort's School,Primary,37 Dolphin Street,"",ASPENDALE,3195,03 9580 5169,145.10226,-38.018127
1651,Catholic,Avila College,Secondary,35 Charles Street,"",MOUNT WAVERLEY,3149,03 9831 9600,145.13326,-37.874672
1652,Catholic,St Philip's School,Primary,60 Junction Road,"",BLACKBURN NORTH,3130,03 9878 6501,145.1666,-37.807644
1653,Catholic,Holy Child School,Primary,227 Blair Street,"",DALLAS,3047,03 9309 1620,144.93199,-37.665737
1654,Catholic,Emmanuel College,Secondary,423 Blackshaws Road,"",ALTONA NORTH,3025,03 8325 5100,144.84239,-37.831623
1655,Catholic,St Peter Julian Eymard,Primary,Reay Road,"",MOOROOLBARK,3138,03 9725 0595,145.31752,-37.787914
1656,Catholic,St Damian's School,Primary,5 Settlement Road,"",BUNDOORA,3083,03 9467 8566,145.05722,-37.698494
1657,Catholic,St Monica's College,Secondary,400 Dalton Road,"",EPPING,3076,03 9409 8800,145.03142,-37.655186
1658,Independent,Yarra Valley Grammar,Pri/Sec,Kalinda Road,"",RINGWOOD,3134,03 9262 7777,145.25816,-37.783703
1663,Catholic,St Timothy's School,Primary,21 Stevens Road,"",VERMONT,3133,03 9878 4188,145.18365,-37.84039
1665,Catholic,St Macartan's School,Primary,97 Bungower Road,"",MORNINGTON,3931,03 5979 9200,145.07047,-38.223213
1667,Catholic,St John's School,Primary,Jayne Street,"",FRANKSTON EAST,3199,03 9789 9794,145.1481,-38.145824
1669,Catholic,St Mary's College for the Deaf,Special,10A Riddell Road,"",WANTIRNA SOUTH,3152,03 9800 2733,145.24278,-37.8779
1670,Catholic,John Paul College,Secondary,165 Mc Mahons Road,"",FRANKSTON,3199,03 9784 0200,145.13887,-38.13557
1671,Catholic,St Anne's School,Primary,86-94 Austin Road,"",SEAFORD,3198,03 9786 4736,145.14095,-38.106598
1673,Catholic,Mazenod College,Secondary,Kernot Ave,"",MULGRAVE,3170,03 9560 0911,145.16614,-37.915203
1674,Catholic,St Martin de Porres School,Primary,158 Military Road,"",AVONDALE HEIGHTS,3034,03 9331 9000,144.86162,-37.75847
1678,Catholic,St Gregory the Great School,Primary,396 Manningham Road,"",DONCASTER,3108,03 9848 4483,145.12228,-37.780598
1679,Independent,Maranatha Christian School,Pri/Sec,104-108 Reema Boulevard,"",ENDEAVOUR HILLS,3802,03 9709 7209,145.27803,-37.97092
1680,Catholic,St Kevin's School,Primary,26-44 Herlihys Road,"",TEMPLESTOWE LOWER,3107,03 9273 9999,145.12286,-37.76127
1681,Catholic,St James' School,Primary,51 Centre Road,"",VERMONT,3133,03 9874 1830,145.20969,-37.836746
1682,Catholic,Good Shepherd School,Primary,30 Academy Avenue,"",WHEELERS HILL,3150,03 9562 0229,145.16605,-37.908123
1684,Catholic,MacKillop Catholic Regional College,Secondary,1 Russell Street,"",WERRIBEE,3030,03 8734 5200,144.6651,-37.909504
1685,Catholic,St James'  College,Secondary,156 Bignell Road,"",BENTLEIGH EAST,3165,03 9575 8100,145.07137,-37.92647
1690,Catholic,St Leo the Great Primary School,Primary,389 Mason Street,"",ALTONA NORTH,3025,03 9391 5522,144.8517,-37.839214
1692,Catholic,St Peter's School,Primary,2A Parkside Avenue,"",KEILOR EAST,3033,03 9337 4111,144.85942,-37.744236
1696,Catholic,St Martin de Porres School,Primary,13-25 Bellin Street,"",LAVERTON,3028,03 9369 1070,144.77698,-37.853783
1697,Catholic,St Jude the Apostle School,Primary,53 George Street,"",SCORESBY,3179,03 9763 7703,145.22595,-37.889843
1701,Independent,Mount Evelyn Christian School/Ranges TEC,Pri/Sec,135 York Road,"",MOUNT EVELYN,3796,03 9738 6000,145.3671,-37.798836
1706,Independent,Melbourne Rudolf Steiner School,Pri/Sec,213 Wonga Road,"",WARRANWOOD,3134,03 9876 2633,145.24881,-37.77722
1710,Catholic,St Mark's School,Primary,4-6 Dimar Court,"",DINGLEY,3172,03 9551 1150,145.12956,-37.986656
1711,Independent,The Currajong School,Special,90 Darling Road,"",MALVERN EAST,3145,03 9571 7869,145.05995,-37.875954
1712,Independent,Nunawading Christian College-Secondary,Secondary,161 Central Rd,"",NUNAWADING,3131,03 9877 3555,145.16902,-37.822548
1715,Catholic,Holy Eucharist School,Primary,1A Oleander Drive,"",ST ALBANS SOUTH,3021,03 8312 0900,144.8114,-37.756435
1722,Catholic,St Peter Apostle School,Primary,16-38 Guinane Avenue,"",HOPPERS CROSSING,3029,03 9749 1055,144.6903,-37.87464
1724,Independent,Donvale Christian College,Pri/Sec,155 Tindals Road,"",DONVALE,3111,03 9844 2471,145.19345,-37.77403
1728,Independent,Berengarra School,Special,43 Harrison Street,"",BOX HILL NORTH,3129,03 9898 9167,145.13214,-37.80388
1729,Independent,Sholem Aleichem College,Primary,11 Sinclair St,"",ELSTERNWICK,3185,03 8527 3000,145.0012,-37.88229
1733,Catholic,St John XXIII Primary School,Primary,Regal Avenue,"",THOMASTOWN EAST,3074,03 9465 6066,145.0392,-37.67842
1735,Catholic,School of the Good Shepherd,Primary,88 South Circular Road,"",GLADSTONE PARK,3043,03 9338 7686,144.88947,-37.69303
1736,Catholic,St Agatha's School,Primary,Scott Street,"",CRANBOURNE,3977,03 5996 2724,145.27885,-38.11164
1737,Catholic,Resurrection School,Primary,402 Corrigan Road,"",KEYSBOROUGH,3173,03 9798 4126,145.16293,-37.989944
1739,Catholic,St Dominic's School,Primary,Church Street,"",MELTON,3337,03 9743 6225,144.58464,-37.680916
1742,Independent,Gilson College,Pri/Sec,450 Taylors Road,"",TAYLORS HILL,3037,03 9365 9365,144.76315,-37.7246
1743,Independent,Cheshire School,Special,583 Ferntree Gully Road,"",GLEN WAVERLEY,3150,03 8562 5100,145.1581,-37.902843
1747,Catholic,Holy Spirit School,Primary,120 Oban Road,"",RINGWOOD NORTH,3134,03 9876 1103,145.23692,-37.793232
1751,Catholic,Holy Saviour Parish School,Primary,765 Highbury Road,"",VERMONT SOUTH,3133,03 9803 6828,145.17503,-37.862335
1752,Catholic,St Clare's School,Primary,Harbard Street,"",THOMASTOWN WEST,3074,03 9465 8535,144.99771,-37.67775
1758,Catholic,St Anne's School,Primary,16-24  Stewarts Lane,"",SUNBURY,3429,03 9744 3055,144.71745,-37.56839
1759,Catholic,Our Lady of the Pines School,Primary,77 Carbine Street,"",DONVALE,3111,03 9842 2991,145.17722,-37.77444
1760,Catholic,St Jude's School,Primary,30 Warrandyte Road,"",LANGWARRIN,3910,03 9789 7581,145.19112,-38.155273
1761,Catholic,St Paul's Kealba Catholic School,Primary,230-240 Sunshine Avenue,"",KEALBA,3021,03 9366 6033,144.81963,-37.733734
1762,Catholic,St Elizabeth's School,Primary,111 Bakers Road,"",DANDENONG NORTH,3175,03 9795 5258,145.19888,-37.94632
1763,Catholic,St Joseph the Worker School,Primary,79 Wilson Boulevard,"",RESERVOIR NORTH,3073,03 9469 7800,144.99292,-37.702217
1764,Catholic,Resurrection School,Primary,51 Gum Road,"",KINGS PARK,3021,03 8312 6312,144.77539,-37.7363
1765,Catholic,Catholic Regional College,Secondary,10 Theodore Street,"",ST ALBANS,3021,03 9366 2544,144.79909,-37.73889
1766,Catholic,St Francis Xavier College,Secondary,4 Beaconsfield Avenue,"",BEACONSFIELD,3807,03 9707 3111,145.37311,-38.052002
1770,Independent,North-Eastern Montessori School,Primary,315 Aqueduct Rd,"",ST HELENA,3088,03 9438 3202,145.13708,-37.68407
1771,Independent,Waverley Christian College,Pri/Sec,1248 High Street Road,"",WANTIRNA SOUTH,3152,03 9871 8600,145.2153,-37.880135
1773,Independent,The King David School,Pri/Sec,517-519 Orrong Road,"",ARMADALE,3143,03 9529 5277,145.0105,-37.858227
1775,Independent,Westbourne Grammar School,Pri/Sec,300 Sayers Rd,"",TRUGANINA,3029,03 9731 9444,144.7249,-37.85084
1779,Catholic,St Augustine's Primary School,Primary,Augustine's Way,"",KEILOR,3036,03 9336 4294,144.82051,-37.710632
1780,Catholic,St Anthony's School,Primary,Wilson Road,"",MELTON SOUTH,3338,03 8099 7800,144.57289,-37.709656
1782,Catholic,St Luke's School,Primary,25 Stokes Road,"",WANTIRNA,3152,03 9801 6917,145.23506,-37.85338
1784,Catholic,St Peter's School,Primary,2A Killeen Street,"",SUNSHINE SOUTH WEST,3020,03 8312 6900,144.81963,-37.80028
1787,Independent,Northside Christian College,Pri/Sec,31 McLeans Rd,"",BUNDOORA,3083,03 9467 2499,145.05467,-37.695015
1788,Independent,St John's College Preston,Pri/Sec,21 Railway Place West,"",PRESTON,3072,03 9480 5300,144.99875,-37.747246
1789,Independent,Good Shepherd Lutheran Primary School,Primary,53-57 Plymouth Rd,"",CROYDON HILLS,3136,03 9725 8255,145.26862,-37.782684
1792,Independent,Oxley Christian College,Pri/Sec,15 - 49 Old Melbourne Rd,"",CHIRNSIDE PARK,3116,03 9727 9900,145.30513,-37.763573
1795,Independent,Mountain District Christian School,Pri/Sec,325 Macclesfield Road,"",MONBULK,3793,03 9756 7244,145.45271,-37.856647
1801,Catholic,Caroline Chisholm Catholic College,Secondary,204 Churchill Avenue,"",BRAYBROOK,3019,03 9296 5311,144.8501,-37.78586
1804,Catholic,St Mary's School,Primary,58 Clegg Road,"",MOUNT EVELYN,3796,03 9736 2219,145.39586,-37.790516
1805,Catholic,St Anne's School,Primary,60 Knees Road,"",PARK ORCHARDS,3114,03 9876 1533,145.2186,-37.773304
1807,Catholic,Our Lady's School,Primary,169-171 Craigieburn Road West,"",CRAIGIEBURN,3064,03 9308 2011,144.93137,-37.598602
1808,Catholic,St Augustine's School,Primary,80 Golf Links Road,"",FRANKSTON SOUTH,3199,03 9781 3007,145.14587,-38.172047
1809,Catholic,St Francis of Assisi School,Primary,290-312 Childs Road,"",MILL PARK,3082,03 9407 3100,145.05891,-37.664993
1810,Catholic,Loyola College,Secondary,325 Grimshaw Street,"",WATSONIA,3087,03 9434 4466,145.08073,-37.703396
1811,Catholic,Catholic Regional College,Secondary,109-141 Bulman's Road,"",MELTON,3337,03 8099 6000,144.55042,-37.677246
1816,Independent,Billanook College,Pri/Sec,197-199 Cardigan Road,"",MOOROOLBARK,3138,03 9725 5388,145.33887,-37.787853
1819,Independent,Fitzroy Community School,Primary,597 Brunswick Street,"",FITZROY NORTH,3068,03 9489 5700,144.97981,-37.789173
1820,Catholic,St Paul Apostle South School,Primary,9 William Hovell Drive,"",ENDEAVOUR HILLS,3802,03 9700 3663,145.25793,-37.980522
1821,Catholic,St Andrew's School,Primary,96 Bunney Road,"",CLAYTON SOUTH,3169,03 9551 5094,145.1072,-37.93489
1822,Catholic,St Thomas More's School,Primary,313 Canadian Bay Road,"",MOUNT ELIZA,3930,03 9787 7788,145.10114,-38.197727
1829,Catholic,St James the Apostle School,Primary,330 Derrimut Road,"",HOPPERS CROSSING NORTH,3029,03 9749 1000,144.6875,-37.857285
1830,Catholic,St Simon's School,Primary,2 Taylors Lane,"",ROWVILLE,3178,03 9755 4222,145.24533,-37.92568
1831,Catholic,Queen of Peace Primary School,Primary,62 Everingham Road,"",ALTONA MEADOWS,3028,03 9369 2581,144.7917,-37.87515
1832,Catholic,Don Bosco School,Primary,496 Princes Highway,"",NARRE WARREN,3805,03 9704 7255,145.31502,-38.025967
1834,Catholic,Catholic Regional College Institute of Training,Secondary,380 Sydenham Road,"",SYDENHAM,3037,03 9361 0000,144.77101,-37.699135
1835,Catholic,Catholic Regional College North Keilor,Secondary,Santa Monica Drive,"",KEILOR NORTH,3036,03 9361 5900,144.80507,-37.699944
1836,Independent,Village School,Primary,9-13 Holloway Road,"",CROYDON NORTH,3136,03 9726 4766,145.2945,-37.76375
1837,Independent,Bayside Christian College,Pri/Sec,120-128 Robinsons Road,"",LANGWARRIN SOUTH,3911,03 5971 6700,145.16302,-38.17863
1838,Independent,Andale School,Special,84 Charles Street,"",KEW,3101,03 9853 3911,145.03604,-37.80551
1841,Independent,The Knox School,Pri/Sec,220 Burwood Highway,"",WANTIRNA SOUTH,3152,03 8805 3800,145.2192,-37.865467
1846,Independent,Heathdale Christian College,Pri/Sec,175 Derrimut Rd,"",WERRIBEE,3030,03 9749 1522,144.68134,-37.881317
1848,Independent,Hillcrest Christian College,Pri/Sec,500 Soldiers Road,"",CLYDE NORTH,3978,03 9702 2144,145.3638,-38.084682
1850,Independent,Sunshine Christian School,Primary,81 - 83 Westmoreland Road,"",SUNSHINE NORTH,3020,03 9312 1253,144.83586,-37.768394
1852,Independent,Frank Dando Sports Academy,Special,33 Raymond Street,"",ASHWOOD,3147,03 9807 2111,145.10889,-37.8668
1855,Independent,Beaconhills College,Pri/Sec,30-34 Toomuc Valley Road,"",PAKENHAM,3810,13 0000 2225,145.46732,-38.061897
1856,Independent,Ghilgai School,Primary,295 Liverpool Road,"",KILSYTH,3137,03 9761 8369,145.31892,-37.829136
1857,Catholic,St Bernadette's Catholic Primary School,Primary,1264 Mountain Highway,"",THE BASIN,3154,03 9762 5135,145.31084,-37.853905
1858,Catholic,St Catherine's School,Primary,2 Lascelles Drive,"",LALOR WEST,3075,03 9466 2480,145.00323,-37.665604
1860,Catholic,St Mary's School,Primary,2-20 Fir Street,"",WHITTLESEA,3757,03 9714 9999,145.11453,-37.509064
1861,Catholic,St Charles Borromeo School,Primary,230-234 Serpells Road,"",TEMPLESTOWE,3106,03 9842 7634,145.15343,-37.7674
1864,Independent,Belgrave Heights Christian School,Pri/Sec,20 Wattle Valley Road,"",BELGRAVE HEIGHTS,3160,03 9754 6435,145.34622,-37.918903
1866,Independent,Oakleigh Grammar,Pri/Sec,77  Willesden Road,"",OAKLEIGH,3166,03 9569 6128,145.08282,-37.89591
1868,Independent,Worawa Aboriginal College,Special,60 - 80 Barak Lane,"",HEALESVILLE,3777,03 5962 4344,145.50922,-37.684525
1871,Independent,St Andrews Christian College,Pri/Sec,130 Tyner Road,"",WANTIRNA SOUTH,3152,03 8847 8300,145.24463,-37.873867
1876,Independent,Flinders Christian Community College,Pri/Sec,155 Mornington - Tyabb Road,"",TYABB,3913,03 5973 2000,145.16798,-38.262115
1877,Catholic,St Mary MacKillop Primary School,Primary,152 Odessa Avenue,"",KEILOR DOWNS,3038,03 9367 6199,144.80435,-37.714626
1878,Catholic,St Catherine of Siena School,Primary,101 Bulman's Road,"",MELTON WEST,3337,03 9743 2166,144.5502,-37.678783
1879,Catholic,St Paul's School,Primary,59 Moores Road,"",MONBULK,3793,03 9756 7201,145.41206,-37.867996
1881,Catholic,Our Lady of Fatima School,Primary,16 Hinton Street,"",ROSEBUD,3939,03 5950 0400,144.89754,-38.371334
1882,Catholic,St Justin's School,Primary,42 Whalley Drive,"",WHEELERS HILL,3150,03 9561 7644,145.1905,-37.917812
1891,Catholic,St Richard's Primary School,Primary,672 Mount Dandenong Road,"",KILSYTH,3137,03 9728 4378,145.32175,-37.806564
1893,Catholic,Holy Trinity School,Primary,10 Riddell Road,"",WANTIRNA SOUTH,3152,03 9801 8296,145.2429,-37.87747
1894,Independent,Melton Christian College,Pri/Sec,152-156 Brooklyn Road,"",MELTON SOUTH,3338,03 9743 8193,144.56029,-37.700275
1897,Catholic,St Paul Apostle North School,Primary,76 Mossgiel Park Drive,"",ENDEAVOUR HILLS,3802,03 9700 6068,145.26266,-37.96753
1898,Catholic,Corpus Christi School,Primary,29  Russell Street,"",WERRIBEE,3030,03 9741 8440,144.66344,-37.909946
1899,Catholic,Nazareth College,Secondary,Manning Drive,"",NOBLE PARK NORTH,3174,03 9795 8100,145.19547,-37.940228
1902,Independent,Japanese School of Melbourne,Pri/Sec,6 Ellington Street,"",CAULFIELD SOUTH,3162,03 9528 1978,145.01941,-37.892445
1905,Independent,Sophia Mundi Steiner School,Pri/Sec,1 St Heliers Street,"",ABBOTSFORD,3067,03 9419 9229,145.00522,-37.803665
1906,Independent,Al-Taqwa College,Pri/Sec,201 Sayers Road,"",TRUGANINA,3029,03 9269 5000,144.72202,-37.85265
1908,Independent,Overnewton Anglican Community College,Pri/Sec,2-50 Overnewton Road,"",KEILOR,3036,03 9334 0149,144.82318,-37.70656
1909,Catholic,St Joachim's School,Primary,25 Broderick Road,"",CARRUM DOWNS,3201,03 9785 2633,145.17847,-38.103348
1910,Catholic,Holy Trinity Primary School,Primary,94 Weidlich Road,"",ELTHAM NORTH,3095,03 9431 0888,145.13547,-37.69844
1911,Catholic,St Carlo Borromeo School,Primary,5-9 Drummond Street,"",GREENVALE,3059,03 9333 2572,144.88864,-37.65364
1914,Independent,Little Yarra Steiner School,Pri/Sec,205 Little Yarra Road,"",YARRA JUNCTION,3797,03 5967 1953,145.63116,-37.79444
1918,Catholic,St Kevin's School,Primary,120 Hallam Road,"",HAMPTON PARK,3976,03 9709 8600,145.2674,-38.039314
1920,Catholic,St Peter's College,Secondary,Cranbourne-Frankston Road,"",CLYDE NORTH,3978,03 5990 7777,145.25687,-38.10841
1923,Independent,Lighthouse Christian College,Pri/Sec,927 Springvale Road,"",KEYSBOROUGH,3173,03 8796 7373,145.1435,-38.001205
1924,Independent,Alphington Grammar School,Pri/Sec,12 - 18 Old Heidelberg Road,"",ALPHINGTON,3078,03 9497 4777,145.03618,-37.78043
1926,Catholic,St Therese's School,Primary,131 Endeavour Drive,"",CRANBOURNE,3977,03 5996 7525,145.26724,-38.07727
1930,Independent,Yarralinda School,Primary,4 Birchwood Drive,"",MOOROOLBARK,3138,03 9727 3032,145.32506,-37.76461
1934,Independent,St Mary's Coptic Orthodox College,Pri/Sec,19-35 Thorpdale Avenue,"",COOLAROO,3048,03 9302 2788,144.93121,-37.65583
1936,Independent,Minaret College,Pri/Sec,36-38 Lewis Street,"",SPRINGVALE,3171,03 9574 0567,145.14862,-37.93904
1941,Catholic,Galilee Regional Catholic Primary School,Primary,301-319 Bank Street,"",SOUTH MELBOURNE,3205,03 9699 2928,144.9548,-37.83616
1942,Independent,Casey Grammar School,Pri/Sec,3 New Holland Drive,"",CRANBOURNE EAST,3977,03 5991 0800,145.2929,-38.110294
1943,Catholic,St Brendan's School,Primary,19 Austin Road,"",SOMERVILLE,3912,03 5977 7277,145.1684,-38.233654
1944,Catholic,Mary MacKillop School,Primary,2 Ernst Wanke Road,"",NARRE WARREN NORTH,3804,03 8794 5777,145.31128,-37.99584
1945,Catholic,Bethany Catholic Primary School,Primary,80 Thames Boulevard,"",WERRIBEE NORTH,3030,03 9742 9800,144.65866,-37.875587
1947,Independent,Ilim College,Pri/Sec,30 Inverloch Crescent,"",BROADMEADOWS,3047,03 9302 3770,144.93007,-37.66862
1949,Catholic,Penola Catholic College,Secondary,29 GIbson Street,"",BROADMEADOWS,3047,03 9301 2777,144.91826,-37.687855
1951,Catholic,Good Samaritan Catholic Primary School,Primary,1-29 Southern Cross Drive,"",ROXBURGH PARK,3064,03 9308 6177,144.93433,-37.62344
1952,Independent,Erasmus Primary School,Primary,40 Lisson Grove,"",HAWTHORN,3122,03 9819 1266,145.03133,-37.827084
1956,Catholic,St Catherine's Primary School,Primary,73 Ridgemont Drive,"",BERWICK,3806,03 9702 1466,145.33694,-38.069775
1957,Independent,Good News Lutheran College,Pri/Sec,580 Tarneit Road,"",TARNEIT,3029,03 8742 9000,144.66661,-37.855247
1958,Independent,Sirius College,Pri/Sec,Goulburn Street,"",BROADMEADOWS,3047,03 9301 5800,144.93564,-37.68472
1959,Catholic,Emmaus Catholic Primary School,Primary,370 Sydenham Road,"",SYDENHAM,3037,03 9390 4500,144.77225,-37.700302
1960,Independent,Red Rock Christian College,Pri/Sec,340 Settlement Road,"",SUNBURY,3429,03 9740 5400,144.70602,-37.5191
1961,Independent,Maharishi School of the Age of Enlightenment,Primary,2-6 Dundee Street,"",RESERVOIR,3073,03 9462 2888,145.01947,-37.704376
1962,Catholic,Thomas Carr College,Secondary,35 Thomas Carr Drive,"",TARNEIT,3029,03 8734 2444,144.70206,-37.847675
1966,Independent,St Thomas Aquinas College,Pri/Sec,1 Tynong Road,"",TYNONG,3813,03 5629 2500,145.62369,-38.08322
1972,Independent,East Preston Islamic College,Pri/Sec,55 Tyler Street,"",EAST PRESTON,3072,03 9478 3323,145.03622,-37.733955
1975,Independent,Dandenong Ranges Steiner School,Primary,11c Duffys Road,"",EMERALD,3782,03 8790 4797,145.38821,-37.95976
1978,Independent,Aitken College,Pri/Sec,1010 Mickleham Road,"",GREENVALE,3059,03 9333 1866,144.8907,-37.62771
1981,Independent,Alia College,Secondary,405 Tooronga Road,"",HAWTHORN EAST,3123,03 9822 9622,145.04517,-37.843224
1987,Catholic,Christ the Priest Catholic Primary School,Primary,54 Caroline Springs Boulevard,"",CAROLINE SPRINGS,3023,03 9361 8600,144.73744,-37.747723
1990,Independent,Mt Hira College,Pri/Sec,185 Perry Road,"",KEYSBOROUGH,3173,03 9709 0100,145.17548,-38.013992
1991,Catholic,Lumen Christi School,Primary,260 - 278 Point Cook Road,"",POINT COOK,3030,03 9395 2555,144.75334,-37.892605
1993,Catholic,Trinity Catholic Primary School,Primary,103-129 Oak Grove Drive,"",NARRE WARREN SOUTH,3805,03 9704 1970,145.29799,-38.055386
1996,Catholic,Columba Catholic School,Primary,28-36 Hope Street,"",BUNYIP,3815,03 5629 5933,145.71587,-38.09326
1997,Independent,Stott's Colleges,Secondary,"Level 1-6, 168 Exhibition Street","",MELBOURNE,3000,03 9663 3399,144.97057,-37.811535
1998,Independent,OneSchool Global Vic,Pri/Sec,23 Scanlon Drive,"",EPPING,3076,03 8199 8277,144.99533,-37.644123
1999,Independent,Kamaruka,Special,52 River Street,"",SOUTH YARRA,3141,03 9826 0330,144.99768,-37.837616
2009,Independent,Haileybury Girls College,Pri/Sec,855 Springvale Road,"",KEYSBOROUGH,3173,03 9213 2222,145.14476,-37.99555
2016,Independent,Ozford College,Secondary,Levels 7 & 9,310 King Street,MELBOURNE,3000,03 8663 7188,144.95442,-37.812885
2018,Independent,Berry Street Victoria Inc,Special,11 Tower Court,"",NOBLE PARK,3174,03 9429 9266,145.19019,-37.98155
2019,Independent,Yesodei HaTorah College,Pri/Sec,39 Dickens Street,"",ELWOOD,3184,03 9531 3203,144.98349,-37.873226
2021,Catholic,Cana Catholic Primary School,Primary,46-60 Banchory Avenue,"",HILLSIDE,3037,03 8390 9200,144.74715,-37.687916
2024,Independent,Holmes Secondary College,Secondary,185 Spring Street,"",MELBOURNE,3000,03 9662 2055,144.97227,-37.810303
2032,Catholic,Marymede Catholic College,Pri/Sec,60 Williamsons Road,"",SOUTH MORANG,3752,03 9407 9000,145.09103,-37.643314
2033,Catholic,Stella Maris Catholic Primary School,Primary,54 - 70 Innisfail Drive,"",POINT COOK,3030,03 9395 8411,144.72868,-37.890762
2035,Independent,Lakeside College,Pri/Sec,2 Portobello Road,"",PAKENHAM,3810,03 5941 7544,145.45593,-38.064922
2036,Catholic,Trinity Catholic School,Primary,57-59 Davison Street,"",RICHMOND NORTH,3121,03 9428 7180,145.00824,-37.815853
2043,Independent,Balcombe Grammar School,Pri/Sec,389 Nepean Hwy,"",MT MARTHA,3934,03 5970 1100,145.03268,-38.273254
2044,Catholic,Catholic Regional College Caroline Springs,Secondary,10 College Drive,"",CAROLINE SPRINGS,3023,03 9217 8000,144.73961,-37.728878
2047,Independent,Deutsche Schule Melbourne,Primary,96 Barkly Street,"",NORTH FITZROY,3068,03 9489 9364,144.98277,-37.77883
2051,Catholic,Kolbe Catholic College,Secondary,Lysterfield Drive,"",GREENVALE LAKES,3059,03 8339 3060,144.90947,-37.615322
2052,Independent,Hume Anglican Grammar,Pri/Sec,100 Mount Ridley Road,"",MICKLEHAM,3064,03 8339 6900,144.93126,-37.56798
2054,Independent,Lighthouse Christian College Cranbourne,Pri/Sec,1785 South Gippsland Hwy,"",CRANBOURNE,3977,03 5996 1588,145.3073,-38.14
2055,Catholic,Mother Teresa School,Primary,5-15 Windrock Avenue,"",MT RIDLEY,3064,03 9333 0814,144.93275,-37.575226
2057,Catholic,Our Lady of the Southern Cross,Primary,2-20 Howqua Way,"",MANOR LAKES,3024,03 9974 8500,144.60622,-37.875847
2059,Catholic,St George Preca School,Primary,22-48 Lancefield Drive,"",CAROLINE SPRINGS,3023,03 7378 5500,144.73671,-37.713493
2060,Catholic,St Joseph's School,Primary,44 Mernda Village Drive,"",MERNDA,3754,03 9717 6480,145.09059,-37.595737
2061,Independent,Al Siraat College,Pri/Sec,45 Harvest Home Road,"",EPPING,3076,03 9408 1999,145.03754,-37.62426
2064,Independent,Woodleigh School,Pri/Sec,485 Golf Links Road,"",LANGWARRIN SOUTH,3911,03 5971 6100,145.17465,-38.1926
2067,Catholic,St Brigid's School,Primary,25 Bayview Road,"",OFFICER,3809,03 5943 2447,145.40567,-38.05462
2068,Catholic,St Francis de Sales Catholic Primary School,Primary,122 Paterson Drive,"",LYNBROOK,3975,03 8773 6700,145.25247,-38.059013
2069,Catholic,St Lawrence Catholic Primary School,Primary,93A Capesthorne Drive,"",DERRIMUT,3026,03 8390 5326,144.76051,-37.790684
2071,Independent,Heritage College Knox,Primary,977-985 Burwood Highway,"",FERNTREE GULLY,3156,03 9739 8126,145.28648,-37.88729
2072,Independent,Melbourne Grammar School,Pri/Sec,355 St Kilda Road,"",MELBOURNE,3004,03 9865 7555,144.9771,-37.83359
2073,Independent,Islamic College of Melbourne,Pri/Sec,83 Wootten Road,"",TARNEIT,3029,03 8742 1739,144.66037,-37.854237
2074,Independent,Southern Cross Grammar,Pri/Sec,2-20 Lancefield Drive,"",CAROLINE SPRINGS,3023,03 8363 2000,144.73961,-37.713963
2076,Independent,Cornish College,Pri/Sec,65 Riverend Road,"",BANGHOLME,3175,03 9773 1011,145.14876,-38.0492
2077,Independent,Melbourne Montessori School,Pri/Sec,4-6 Roselea Street,"",CAULFIELD SOUTH,3162,03 9131 5201,145.02567,-37.88817
2078,Catholic,St Francis of Assisi Catholic Primary School,Primary,45 Fairview Parade,"",TARNEIT,3029,03 9749 9900,144.69823,-37.848293
2079,Catholic,St Joseph's Flexible Learning Centre Melbourne,Special,385 Queensberry Street,"",NORTH MELBOURNE,3051,03 9269 6900,144.95494,-37.803844
2083,Independent,Divrei Emineh,Pri/Sec,442-452 North Road,"",ORMOND,3204,03 9530 8777,145.03508,-37.903603
2087,Catholic,St Mary of the Cross MacKillop Catholic Parish Primary School,Primary,47 Farmhouse Boulevard,"",EPPING NORTH,3076,03 8432 4500,145.0126,-37.626
2089,Catholic,St Mary of the Cross Catholic Primary School,Primary,70 Carrick Street,Saltwater Coast Estate,POINT COOK,3030,03 8353 5400,144.76595,-37.9088
2090,Catholic,St Thomas the Apostle Catholic Primary School,Primary,Enter via Mac Killop Way,"",CRANBOURNE EAST,3977,03 5998 9293,145.31705,-38.116173
2091,Independent,Cire Community School | Cire Training,Special,211 Main Street,"",LILYDALE,3140,13 0083 5235,145.35054,-37.757397
2093,Catholic,St John the Apostle Catholic Primary School,Primary,54 - 76 Kingbird Avenue,"",TARNEIT,3029,03 8754 4300,144.66571,-37.833416
2094,Catholic,St Clare's Catholic Primary School,Primary,130 Marquands Road,"",TRUGANINA SOUTH,3029,03 9371 8400,144.72821,-37.84381
2095,Catholic,St Clare's Primary School,Primary,95 Majestic Drive,"",OFFICER,3809,03 5940 6777,145.43271,-38.062775
2096,Catholic,St Paul the Apostle Catholic Primary School,Primary,80 Bassetts Road,"",DOREEN,3754,03 9216 2000,145.11522,-37.59693
2099,Independent,Heatherton Christian College,Pri/Sec,316-322 Kingston Road,"",CLARINDA,3169,03 8551 6650,145.11136,-37.95784
2100,Independent,Melbourne Indigenous Transition School,Special,Richmond Football Club,Punt Road Oval,RICHMOND,3121,03 9429 3220,144.98926,-37.819542
2102,Independent,Hoa Nghiem Primary School,Primary,442 - 448 Springvale Road,Punt Road Oval,SPRINGVALE SOUTH,3172,03 8510 2244,145.14879,-37.96694
2103,Independent,Al Iman College,Pri/Sec,20-40 Rees Road,"",MELTON SOUTH,3338,03 9743 4140,144.56549,-37.70712
2104,Independent,Edinburgh College,Pri/Sec,33-61 Edinburgh Road,"",LILYDALE,3140,03 9728 2211,145.35199,-37.78489
2105,Independent,Giant Steps Melbourne,Special,11 Malmsbury Street,"",KEW,3101,03 9853 9578,145.03148,-37.80222
